ModelID,Scenario,seed,Global.Power,Conjunctive.Power,Disjunctive.Power,FWER,CI_95perc_Global.Power,CI_95perc_Conjunctive.Power,CI_95perc_Disjunctive.Power,CI_95perc_FWER,StagewiseRejection_Count,StagewiseRejection_Percentage,HoursTaken,Input,Method,SampleSize,alpha,TestStatCont,CommonStdDev,TestStatBin,FWERControl,nArms,nEps,lEpType,Arms.Mean,Arms.std.dev,Arms.Prop,Arms.alloc.ratio,EP.Corr,WI,G,test.type,info_frac,typeOfDesign,MultipleWinners,Selection,SelectionLook,SelectEndPoint,SelectionScale,SelectionCriterion,SelectionParameter,KeepAssociatedHypo,ImplicitSSR,nSimulation,nSimulation_Stage2,Seed,SummaryStat,plotGraphs,Parallel,UseCC
9,"No sel, Param, SS=600, all props=0.4, lk1=0.75, no CC",64564,0.0293275,0,0,0.0293275,"(0.02686,0.03179)","(0,0)","(0,0)","(0.02686,0.03179)",138158,"0.0138,0.0158",0.488172556,>>>,CER,600,0.025,NA,NA,UnPooled,CombinationTest,3,1,list('EP1' = 'Binary'),NA,NA,"list('EP1' = c(0.4, 0.4, 0.4))","c(1,1,1)",matrix(1),"c(rep(1/2,2))","rbind(H1=c(0,1), H2=c(1,0))",Parametric,"c(0.75,1)",asOF,FALSE,FALSE,NA,NA,NA,NA,NA,NA,None,10000,1000,64564,TRUE,FALSE,TRUE,FALSE
11,"Fut=0.5, Param, SS=600, all props=0.4, SSR=None, lk1=0.75, no CC",11111,0.0264368,0,0,0.0264368,"(0.0242,0.02868)","(0,0)","(0,0)","(0.0242,0.02868)",109148,"0.0109,0.0148",0.318224146,>>>,CER,600,0.025,NA,NA,UnPooled,CombinationTest,3,1,list('EP1' = 'Binary'),NA,NA,"list('EP1' = c(0.4, 0.4, 0.4))","c(1,1,1)",matrix(1),"c(rep(1/2,2))","rbind(H1=c(0,1), H2=c(1,0))",Parametric,"c(0.75,1)",asOF,FALSE,TRUE,1,1,pvalue,threshold,0.5,FALSE,None,10000,1000,11111,TRUE,FALSE,TRUE,FALSE
12,"Fut=0.75, no CC, Param, SS=600, all props=0.4, SSR=Sel, lk1=0.75, no CC",343,0.0280617,0,0,0.0280617,"(0.02571,0.03041)","(0,0)","(0,0)","(0.02571,0.03041)",121148,"0.0121,0.0148",0.408691672,>>>,CER,600,0.025,NA,NA,UnPooled,CombinationTest,3,1,list('EP1' = 'Binary'),NA,NA,"list('EP1' = c(0.4, 0.4, 0.4))","c(1,1,1)",matrix(1),"c(rep(1/2,2))","rbind(H1=c(0,1), H2=c(1,0))",Parametric,"c(0.75,1)",asOF,FALSE,TRUE,1,1,pvalue,threshold,0.75,TRUE,Selection,10000,1000,343,TRUE,FALSE,TRUE,FALSE
13,"Fut=0.5, Param, SS=600, all props=0.4, SSR=Sel, lk1=0.75, no CC",84234,0.0262318,0,0,0.0262318,"(0.02404,0.02843)","(0,0)","(0,0)","(0.02404,0.02843)",101170,"0.0101,0.017",0.319919924,>>>,CER,600,0.025,NA,NA,UnPooled,CombinationTest,3,1,list('EP1' = 'Binary'),NA,NA,"list('EP1' = c(0.4, 0.4, 0.4))","c(1,1,1)",matrix(1),"c(rep(1/2,2))","rbind(H1=c(0,1), H2=c(1,0))",Parametric,"c(0.75,1)",asOF,FALSE,TRUE,1,1,pvalue,threshold,0.5,TRUE,Selection,10000,1000,84234,TRUE,FALSE,TRUE,FALSE
14,"Fut=0.25, Param, SS=600, all props=0.4, SSR=Sel, lk1=0.75, no CC",4346,0.0275389,0,0,0.0275389,"(0.02523,0.02985)","(0,0)","(0,0)","(0.02523,0.02985)",114150,"0.0114,0.015",0.184278064,>>>,CER,600,0.025,NA,NA,UnPooled,CombinationTest,3,1,list('EP1' = 'Binary'),NA,NA,"list('EP1' = c(0.4, 0.4, 0.4))","c(1,1,1)",matrix(1),"c(rep(1/2,2))","rbind(H1=c(0,1), H2=c(1,0))",Parametric,"c(0.75,1)",asOF,FALSE,TRUE,1,1,pvalue,threshold,0.25,TRUE,Selection,10000,1000,4346,TRUE,FALSE,TRUE,FALSE
15,"Sel Best=1, Param, SS=600, all props=0.4, SSR=Sel, lk1=0.75, no CC",9504,0.0266024,0,0,0.0266024,"(0.02433,0.02887)","(0,0)","(0,0)","(0.02433,0.02887)",112153,"0.0112,0.0153",0.403226337,>>>,CER,600,0.025,NA,NA,UnPooled,CombinationTest,3,1,list('EP1' = 'Binary'),NA,NA,"list('EP1' = c(0.4, 0.4, 0.4))","c(1,1,1)",matrix(1),"c(rep(1/2,2))","rbind(H1=c(0,1), H2=c(1,0))",Parametric,"c(0.75,1)",asOF,FALSE,TRUE,1,1,pvalue,best,1,TRUE,Selection,10000,1000,9504,TRUE,FALSE,TRUE,FALSE
16,"Sel Best=2, Param, SS=600, all props=0.4, SSR=Sel, lk1=0.75, no CC",2300,0.0285122,0,0,0.0285122,"(0.02616,0.03087)","(0,0)","(0,0)","(0.02616,0.03087)",119165,"0.0119,0.0165",0.481469522,>>>,CER,600,0.025,NA,NA,UnPooled,CombinationTest,3,1,list('EP1' = 'Binary'),NA,NA,"list('EP1' = c(0.4, 0.4, 0.4))","c(1,1,1)",matrix(1),"c(rep(1/2,2))","rbind(H1=c(0,1), H2=c(1,0))",Parametric,"c(0.75,1)",asOF,FALSE,TRUE,1,1,pvalue,best,2,TRUE,Selection,10000,1000,2300,TRUE,FALSE,TRUE,FALSE
17,"No sel, Param, SS=400, all props=0.4, lk1=0.5, no CC",97827,0.0277034,0,0,0.0277034,"(0.02631,0.02909)","(0,0)","(0,0)","(0.02631,0.02909)",17252,"0.0017,0.0252",0.499078049,>>>,CER,400,0.025,NA,NA,UnPooled,CombinationTest,3,1,list('EP1' = 'Binary'),NA,NA,"list('EP1' = c(0.4, 0.4, 0.4))","c(1,1,1)",matrix(1),"c(rep(1/2,2))","rbind(H1=c(0,1), H2=c(1,0))",Parametric,"c(0.5,1)",asOF,FALSE,FALSE,NA,NA,NA,NA,NA,NA,None,10000,1000,97827,TRUE,FALSE,TRUE,FALSE
18,"Sel Best=1, Param, SS=400, all props=0.4, SSR=None, lk1=0.5, no CC",70743,0.0268757,0,0,0.0268757,"(0.0255,0.02825)","(0,0)","(0,0)","(0.0255,0.02825)",18232,"0.0018,0.0232",0.407735505,>>>,CER,400,0.025,NA,NA,UnPooled,CombinationTest,3,1,list('EP1' = 'Binary'),NA,NA,"list('EP1' = c(0.4, 0.4, 0.4))","c(1,1,1)",matrix(1),"c(rep(1/2,2))","rbind(H1=c(0,1), H2=c(1,0))",Parametric,"c(0.5,1)",asOF,FALSE,TRUE,1,1,delta,best,1,FALSE,None,10000,1000,70743,TRUE,FALSE,TRUE,FALSE
19,"Fut=0.5, Param, SS=400, all props=0.4, SSR=None, lk1=0.5, no CC",2402,0.0280466,0,0,0.0280466,"(0.02657,0.02952)","(0,0)","(0,0)","(0.02657,0.02952)",26255,"0.0026,0.0255",0.319244276,>>>,CER,400,0.025,NA,NA,UnPooled,CombinationTest,3,1,list('EP1' = 'Binary'),NA,NA,"list('EP1' = c(0.4, 0.4, 0.4))","c(1,1,1)",matrix(1),"c(rep(1/2,2))","rbind(H1=c(0,1), H2=c(1,0))",Parametric,"c(0.5,1)",asOF,FALSE,TRUE,1,1,pvalue,threshold,0.5,FALSE,None,10000,1000,2402,TRUE,FALSE,TRUE,FALSE
20,"Fut=0.5, no CC, Param, SS=400, all props=0.4, SSR=Sel, lk1=0.5, no CC",2637,0.0281469,0,0,0.0281469,"(0.02667,0.02962)","(0,0)","(0,0)","(0.02667,0.02962)",26258,"0.0026,0.0258",0.40714401,>>>,CER,400,0.025,NA,NA,UnPooled,CombinationTest,3,1,list('EP1' = 'Binary'),NA,NA,"list('EP1' = c(0.4, 0.4, 0.4))","c(1,1,1)",matrix(1),"c(rep(1/2,2))","rbind(H1=c(0,1), H2=c(1,0))",Parametric,"c(0.5,1)",asOF,FALSE,TRUE,1,1,pvalue,threshold,0.75,TRUE,Selection,10000,1000,2637,TRUE,FALSE,TRUE,FALSE
21,"Fut=0.5, Param, SS=400, all props=0.4, SSR=Sel, lk1=0.5, no CC",499,0.0277677,0,0,0.0277677,"(0.02631,0.02922)","(0,0)","(0,0)","(0.02631,0.02922)",25258,"0.0025,0.0258",0.315653452,>>>,CER,400,0.025,NA,NA,UnPooled,CombinationTest,3,1,list('EP1' = 'Binary'),NA,NA,"list('EP1' = c(0.4, 0.4, 0.4))","c(1,1,1)",matrix(1),"c(rep(1/2,2))","rbind(H1=c(0,1), H2=c(1,0))",Parametric,"c(0.5,1)",asOF,FALSE,TRUE,1,1,pvalue,threshold,0.5,TRUE,Selection,10000,1000,499,TRUE,FALSE,TRUE,FALSE
22,"Fut=0.25, Param, SS=400, all props=0.4, SSR=Sel, lk1=0.5, no CC",30953,0.0259178,0,0,0.0259178,"(0.02448,0.02736)","(0,0)","(0,0)","(0.02448,0.02736)",23224,"0.0023,0.0224",0.188604824,>>>,CER,400,0.025,NA,NA,UnPooled,CombinationTest,3,1,list('EP1' = 'Binary'),NA,NA,"list('EP1' = c(0.4, 0.4, 0.4))","c(1,1,1)",matrix(1),"c(rep(1/2,2))","rbind(H1=c(0,1), H2=c(1,0))",Parametric,"c(0.5,1)",asOF,FALSE,TRUE,1,1,pvalue,threshold,0.25,TRUE,Selection,10000,1000,30953,TRUE,FALSE,TRUE,FALSE
23,"Sel Best=1, Param, SS=400, all props=0.4, SSR=Sel, lk1=0.5, no CC",59079,0.0270477,0,0,0.0270477,"(0.02567,0.02843)","(0,0)","(0,0)","(0.02567,0.02843)",17249,"0.0017,0.0249",0.401565141,>>>,CER,400,0.025,NA,NA,UnPooled,CombinationTest,3,1,list('EP1' = 'Binary'),NA,NA,"list('EP1' = c(0.4, 0.4, 0.4))","c(1,1,1)",matrix(1),"c(rep(1/2,2))","rbind(H1=c(0,1), H2=c(1,0))",Parametric,"c(0.5,1)",asOF,FALSE,TRUE,1,1,pvalue,best,1,TRUE,Selection,10000,1000,59079,TRUE,FALSE,TRUE,FALSE
24,"Sel Best=2, Param, SS=400, all props=0.4, SSR=Sel, lk1=0.5, no CC",58217,0.0274309,0,0,0.0274309,"(0.02607,0.0288)","(0,0)","(0,0)","(0.02607,0.0288)",15255,"0.0015,0.0255",0.480485503,>>>,CER,400,0.025,NA,NA,UnPooled,CombinationTest,3,1,list('EP1' = 'Binary'),NA,NA,"list('EP1' = c(0.4, 0.4, 0.4))","c(1,1,1)",matrix(1),"c(rep(1/2,2))","rbind(H1=c(0,1), H2=c(1,0))",Parametric,"c(0.5,1)",asOF,FALSE,TRUE,1,1,pvalue,best,2,TRUE,Selection,10000,1000,58217,TRUE,FALSE,TRUE,FALSE
25,"No sel, Param, SS=400, all props=0.4, lk1=0.5, no CC, FWCtr=None",97827,0.0268803,0,0,0.0268803,"(0.02553,0.02823)","(0,0)","(0,0)","(0.02553,0.02823)",17246,"0.0017,0.0246",0.537369476,>>>,CER,400,0.025,NA,NA,UnPooled,None,3,1,list('EP1' = 'Binary'),NA,NA,"list('EP1' = c(0.4, 0.4, 0.4))","c(1,1,1)",matrix(1),"c(rep(1/2,2))","rbind(H1=c(0,1), H2=c(1,0))",Parametric,"c(0.5,1)",asOF,FALSE,FALSE,NA,NA,NA,NA,NA,NA,None,10000,1000,97827,TRUE,FALSE,TRUE,FALSE
26,"Sel Best=1, Param, SS=400, all props=0.4, SSR=None, lk1=0.5, no CC, FWCtr=None",70743,0.0259111,0,0,0.0259111,"(0.02457,0.02725)","(0,0)","(0,0)","(0.02457,0.02725)",18219,"0.0018,0.0219",0.437745532,>>>,CER,400,0.025,NA,NA,UnPooled,None,3,1,list('EP1' = 'Binary'),NA,NA,"list('EP1' = c(0.4, 0.4, 0.4))","c(1,1,1)",matrix(1),"c(rep(1/2,2))","rbind(H1=c(0,1), H2=c(1,0))",Parametric,"c(0.5,1)",asOF,FALSE,TRUE,1,1,delta,best,1,FALSE,None,10000,1000,70743,TRUE,FALSE,TRUE,FALSE
27,"Fut=0.5, Param, SS=400, all props=0.4, SSR=None, lk1=0.5, no CC, FWCtr=None",2402,0.02718,0,0,0.02718,"(0.02574,0.02862)","(0,0)","(0,0)","(0.02574,0.02862)",26242,"0.0026,0.0242",0.34460724,>>>,CER,400,0.025,NA,NA,UnPooled,None,3,1,list('EP1' = 'Binary'),NA,NA,"list('EP1' = c(0.4, 0.4, 0.4))","c(1,1,1)",matrix(1),"c(rep(1/2,2))","rbind(H1=c(0,1), H2=c(1,0))",Parametric,"c(0.5,1)",asOF,FALSE,TRUE,1,1,pvalue,threshold,0.5,FALSE,None,10000,1000,2402,TRUE,FALSE,TRUE,FALSE
28,"Fut=0.5, no CC, FWCtr=None, Param, SS=400, all props=0.4, SSR=Sel, lk1=0.5, no CC, FWCtr=None",2637,0.0272943,0,0,0.0272943,"(0.02585,0.02874)","(0,0)","(0,0)","(0.02585,0.02874)",26245,"0.0026,0.0245",0.452448414,>>>,CER,400,0.025,NA,NA,UnPooled,None,3,1,list('EP1' = 'Binary'),NA,NA,"list('EP1' = c(0.4, 0.4, 0.4))","c(1,1,1)",matrix(1),"c(rep(1/2,2))","rbind(H1=c(0,1), H2=c(1,0))",Parametric,"c(0.5,1)",asOF,FALSE,TRUE,1,1,pvalue,threshold,0.75,TRUE,Selection,10000,1000,2637,TRUE,FALSE,TRUE,FALSE
29,"Fut=0.5, Param, SS=400, all props=0.4, SSR=Sel, lk1=0.5, no CC, FWCtr=None",499,0.0270243,0,0,0.0270243,"(0.0256,0.02845)","(0,0)","(0,0)","(0.0256,0.02845)",25247,"0.0025,0.0247",0.345712345,>>>,CER,400,0.025,NA,NA,UnPooled,None,3,1,list('EP1' = 'Binary'),NA,NA,"list('EP1' = c(0.4, 0.4, 0.4))","c(1,1,1)",matrix(1),"c(rep(1/2,2))","rbind(H1=c(0,1), H2=c(1,0))",Parametric,"c(0.5,1)",asOF,FALSE,TRUE,1,1,pvalue,threshold,0.5,TRUE,Selection,10000,1000,499,TRUE,FALSE,TRUE,FALSE
31,"Sel Best=1, Param, SS=400, all props=0.4, SSR=Sel, lk1=0.5, no CC, FWCtr=None",59079,0.0262088,0,0,0.0262088,"(0.02487,0.02755)","(0,0)","(0,0)","(0.02487,0.02755)",17240,"0.0017,0.024",0.440907903,>>>,CER,400,0.025,NA,NA,UnPooled,None,3,1,list('EP1' = 'Binary'),NA,NA,"list('EP1' = c(0.4, 0.4, 0.4))","c(1,1,1)",matrix(1),"c(rep(1/2,2))","rbind(H1=c(0,1), H2=c(1,0))",Parametric,"c(0.5,1)",asOF,FALSE,TRUE,1,1,pvalue,best,1,TRUE,Selection,10000,1000,59079,TRUE,FALSE,TRUE,FALSE
32,"Sel Best=2, Param, SS=400, all props=0.4, SSR=Sel, lk1=0.5, no CC, FWCtr=None",58217,0.0264841,0,0,0.0264841,"(0.02516,0.02781)","(0,0)","(0,0)","(0.02516,0.02781)",15247,"0.0015,0.0247",0.541335483,>>>,CER,400,0.025,NA,NA,UnPooled,None,3,1,list('EP1' = 'Binary'),NA,NA,"list('EP1' = c(0.4, 0.4, 0.4))","c(1,1,1)",matrix(1),"c(rep(1/2,2))","rbind(H1=c(0,1), H2=c(1,0))",Parametric,"c(0.5,1)",asOF,FALSE,TRUE,1,1,pvalue,best,2,TRUE,Selection,10000,1000,58217,TRUE,FALSE,TRUE,FALSE
33,"No sel, Param, SS=600, all props=0.4, lk1=0.75, CC",64564,0.0271547,0,0,0.0271547,"(0.02478,0.02953)","(0,0)","(0,0)","(0.02478,0.02953)",127146,"0.0127,0.0146",0.49617425,>>>,CER,600,0.025,NA,NA,UnPooled,CombinationTest,3,1,list('EP1' = 'Binary'),NA,NA,"list('EP1' = c(0.4, 0.4, 0.4))","c(1,1,1)",matrix(1),"c(rep(1/2,2))","rbind(H1=c(0,1), H2=c(1,0))",Parametric,"c(0.75,1)",asOF,FALSE,FALSE,NA,NA,NA,NA,NA,NA,None,10000,1000,64564,TRUE,FALSE,TRUE,TRUE
36,"Fut=0.75, CC, Param, SS=600, all props=0.4, SSR=Sel, lk1=0.75, CC",343,0.0262098,0,0,0.0262098,"(0.02391,0.02851)","(0,0)","(0,0)","(0.02391,0.02851)",117131,"0.0117,0.0131",0.408687712,>>>,CER,600,0.025,NA,NA,UnPooled,CombinationTest,3,1,list('EP1' = 'Binary'),NA,NA,"list('EP1' = c(0.4, 0.4, 0.4))","c(1,1,1)",matrix(1),"c(rep(1/2,2))","rbind(H1=c(0,1), H2=c(1,0))",Parametric,"c(0.75,1)",asOF,FALSE,TRUE,1,1,pvalue,threshold,0.75,TRUE,Selection,10000,1000,343,TRUE,FALSE,TRUE,TRUE
38,"Fut=0.25, Param, SS=600, all props=0.4, SSR=Sel, lk1=0.75, CC",4346,0.0257806,0,0,0.0257806,"(0.02353,0.02803)","(0,0)","(0,0)","(0.02353,0.02803)",109138,"0.0109,0.0138",0.187402074,>>>,CER,600,0.025,NA,NA,UnPooled,CombinationTest,3,1,list('EP1' = 'Binary'),NA,NA,"list('EP1' = c(0.4, 0.4, 0.4))","c(1,1,1)",matrix(1),"c(rep(1/2,2))","rbind(H1=c(0,1), H2=c(1,0))",Parametric,"c(0.75,1)",asOF,FALSE,TRUE,1,1,pvalue,threshold,0.25,TRUE,Selection,10000,1000,4346,TRUE,FALSE,TRUE,TRUE
40,"Sel Best=2, Param, SS=600, all props=0.4, SSR=Sel, lk1=0.75, CC",2300,0.0264572,0,0,0.0264572,"(0.02417,0.02874)","(0,0)","(0,0)","(0.02417,0.02874)",113152,"0.0113,0.0152",0.482172018,>>>,CER,600,0.025,NA,NA,UnPooled,CombinationTest,3,1,list('EP1' = 'Binary'),NA,NA,"list('EP1' = c(0.4, 0.4, 0.4))","c(1,1,1)",matrix(1),"c(rep(1/2,2))","rbind(H1=c(0,1), H2=c(1,0))",Parametric,"c(0.75,1)",asOF,FALSE,TRUE,1,1,pvalue,best,2,TRUE,Selection,10000,1000,2300,TRUE,FALSE,TRUE,TRUE
43,"Fut=0.5, Param, SS=400, all props=0.4, SSR=None, lk1=0.5, CC",2402,0.0257365,0,0,0.0257365,"(0.02436,0.02711)","(0,0)","(0,0)","(0.02436,0.02711)",21239,"0.0021,0.0239",0.319917819,>>>,CER,400,0.025,NA,NA,UnPooled,CombinationTest,3,1,list('EP1' = 'Binary'),NA,NA,"list('EP1' = c(0.4, 0.4, 0.4))","c(1,1,1)",matrix(1),"c(rep(1/2,2))","rbind(H1=c(0,1), H2=c(1,0))",Parametric,"c(0.5,1)",asOF,FALSE,TRUE,1,1,pvalue,threshold,0.5,FALSE,None,10000,1000,2402,TRUE,FALSE,TRUE,TRUE
44,"Fut=0.5, CC, Param, SS=400, all props=0.4, SSR=Sel, lk1=0.5, CC",2637,0.0258527,0,0,0.0258527,"(0.02448,0.02723)","(0,0)","(0,0)","(0.02448,0.02723)",21241,"0.0021,0.0241",0.418096978,>>>,CER,400,0.025,NA,NA,UnPooled,CombinationTest,3,1,list('EP1' = 'Binary'),NA,NA,"list('EP1' = c(0.4, 0.4, 0.4))","c(1,1,1)",matrix(1),"c(rep(1/2,2))","rbind(H1=c(0,1), H2=c(1,0))",Parametric,"c(0.5,1)",asOF,FALSE,TRUE,1,1,pvalue,threshold,0.75,TRUE,Selection,10000,1000,2637,TRUE,FALSE,TRUE,TRUE
51,"Fut=0.5, Param, SS=400, all props=0.4, SSR=None, lk1=0.5, CC, FWCtr=None",2402,0.0260035,0,0,0.0260035,"(0.02463,0.02737)","(0,0)","(0,0)","(0.02463,0.02737)",21240,"0.0021,0.024",0.345197974,>>>,CER,400,0.025,NA,NA,UnPooled,None,3,1,list('EP1' = 'Binary'),NA,NA,"list('EP1' = c(0.4, 0.4, 0.4))","c(1,1,1)",matrix(1),"c(rep(1/2,2))","rbind(H1=c(0,1), H2=c(1,0))",Parametric,"c(0.5,1)",asOF,FALSE,TRUE,1,1,pvalue,threshold,0.5,FALSE,None,10000,1000,2402,TRUE,FALSE,TRUE,TRUE
52,"Fut=0.5, CC, FWCtr=None, Param, SS=400, all props=0.4, SSR=Sel, lk1=0.5, CC, FWCtr=None",2637,0.0261043,0,0,0.0261043,"(0.02473,0.02747)","(0,0)","(0,0)","(0.02473,0.02747)",21242,"0.0021,0.0242",0.455505026,>>>,CER,400,0.025,NA,NA,UnPooled,None,3,1,list('EP1' = 'Binary'),NA,NA,"list('EP1' = c(0.4, 0.4, 0.4))","c(1,1,1)",matrix(1),"c(rep(1/2,2))","rbind(H1=c(0,1), H2=c(1,0))",Parametric,"c(0.5,1)",asOF,FALSE,TRUE,1,1,pvalue,threshold,0.75,TRUE,Selection,10000,1000,2637,TRUE,FALSE,TRUE,TRUE
53,"Fut=0.5, Param, SS=400, all props=0.4, SSR=Sel, lk1=0.5, CC, FWCtr=None",499,0.0258055,0,0,0.0258055,"(0.02446,0.02715)","(0,0)","(0,0)","(0.02446,0.02715)",19243,"0.0019,0.0243",0.343551703,>>>,CER,400,0.025,NA,NA,UnPooled,None,3,1,list('EP1' = 'Binary'),NA,NA,"list('EP1' = c(0.4, 0.4, 0.4))","c(1,1,1)",matrix(1),"c(rep(1/2,2))","rbind(H1=c(0,1), H2=c(1,0))",Parametric,"c(0.5,1)",asOF,FALSE,TRUE,1,1,pvalue,threshold,0.5,TRUE,Selection,10000,1000,499,TRUE,FALSE,TRUE,TRUE
57,"No sel, Param, SS=10k, all props=0.4, lk1=0.5, no CC",64564,0.02520995,0,0,0.02520995,"(0.02428,0.02614)","(0,0)","(0,0)","(0.02428,0.02614)",33467,"0.00165,0.02335",2.138301634,>>>,CER,10000,0.025,NA,NA,UnPooled,CombinationTest,3,1,list('EP1' = 'Binary'),NA,NA,"list('EP1' = c(0.4, 0.4, 0.4))","c(1,1,1)",matrix(1),"c(rep(1/2,2))","rbind(H1=c(0,1), H2=c(1,0))",Parametric,"c(0.5,1)",asOF,FALSE,FALSE,NA,NA,NA,NA,NA,NA,None,20000,2000,64564,TRUE,FALSE,TRUE,FALSE
58,"Fut=0.75, no CC, Param, SS=10k, all props=0.4, SSR=Sel, lk1=0.5, no CC",343,0.02525715,0,0,0.02525715,"(0.02436,0.02615)","(0,0)","(0,0)","(0.02436,0.02615)",24474,"0.0012,0.0237",1.779707435,>>>,CER,10000,0.025,NA,NA,UnPooled,CombinationTest,3,1,list('EP1' = 'Binary'),NA,NA,"list('EP1' = c(0.4, 0.4, 0.4))","c(1,1,1)",matrix(1),"c(rep(1/2,2))","rbind(H1=c(0,1), H2=c(1,0))",Parametric,"c(0.5,1)",asOF,FALSE,TRUE,1,1,pvalue,threshold,0.75,TRUE,Selection,20000,2000,343,TRUE,FALSE,TRUE,FALSE
59,"Fut=0.25, Param, SS=10k, all props=0.4, SSR=Sel, lk1=0.5, no CC",4346,0.024221225,0,0,0.024221225,"(0.02332,0.02512)","(0,0)","(0,0)","(0.02332,0.02512)",23453,"0.00115,0.02265",0.7549661,>>>,CER,10000,0.025,NA,NA,UnPooled,CombinationTest,3,1,list('EP1' = 'Binary'),NA,NA,"list('EP1' = c(0.4, 0.4, 0.4))","c(1,1,1)",matrix(1),"c(rep(1/2,2))","rbind(H1=c(0,1), H2=c(1,0))",Parametric,"c(0.5,1)",asOF,FALSE,TRUE,1,1,pvalue,threshold,0.25,TRUE,Selection,20000,2000,4346,TRUE,FALSE,TRUE,FALSE
60,"Sel Best=2, Param, SS=10k, all props=0.4, SSR=Sel, lk1=0.5, no CC",2300,0.02526865,0,0,0.02526865,"(0.02438,0.02616)","(0,0)","(0,0)","(0.02438,0.02616)",23463,"0.00115,0.02315",2.109525866,>>>,CER,10000,0.025,NA,NA,UnPooled,CombinationTest,3,1,list('EP1' = 'Binary'),NA,NA,"list('EP1' = c(0.4, 0.4, 0.4))","c(1,1,1)",matrix(1),"c(rep(1/2,2))","rbind(H1=c(0,1), H2=c(1,0))",Parametric,"c(0.5,1)",asOF,FALSE,TRUE,1,1,pvalue,best,2,TRUE,Selection,20000,2000,2300,TRUE,FALSE,TRUE,FALSE
61,"Fut=0.5, Param, SS=10k, all props=0.4, SSR=None, lk1=0.5, no CC",2402,0.0252502,0,0,0.0252502,"(0.02435,0.02615)","(0,0)","(0,0)","(0.02435,0.02615)",24457,"0.0012,0.02285",1.293508627,>>>,CER,10000,0.025,NA,NA,UnPooled,CombinationTest,3,1,list('EP1' = 'Binary'),NA,NA,"list('EP1' = c(0.4, 0.4, 0.4))","c(1,1,1)",matrix(1),"c(rep(1/2,2))","rbind(H1=c(0,1), H2=c(1,0))",Parametric,"c(0.5,1)",asOF,FALSE,TRUE,1,1,pvalue,threshold,0.5,FALSE,None,20000,2000,2402,TRUE,FALSE,TRUE,FALSE
62,"No sel, Param, SS=10k, all props=0.4, lk1=0.5, CC",64564,0.025111325,0,0,0.025111325,"(0.02418,0.02604)","(0,0)","(0,0)","(0.02418,0.02604)",33466,"0.00165,0.0233",2.105858459,>>>,CER,10000,0.025,NA,NA,UnPooled,CombinationTest,3,1,list('EP1' = 'Binary'),NA,NA,"list('EP1' = c(0.4, 0.4, 0.4))","c(1,1,1)",matrix(1),"c(rep(1/2,2))","rbind(H1=c(0,1), H2=c(1,0))",Parametric,"c(0.5,1)",asOF,FALSE,FALSE,NA,NA,NA,NA,NA,NA,None,20000,2000,64564,TRUE,FALSE,TRUE,TRUE
63,"Fut=0.75, CC, Param, SS=10k, all props=0.4, SSR=Sel, lk1=0.5, CC",343,0.0251571,0,0,0.0251571,"(0.02427,0.02605)","(0,0)","(0,0)","(0.02427,0.02605)",24472,"0.0012,0.0236",1.778839169,>>>,CER,10000,0.025,NA,NA,UnPooled,CombinationTest,3,1,list('EP1' = 'Binary'),NA,NA,"list('EP1' = c(0.4, 0.4, 0.4))","c(1,1,1)",matrix(1),"c(rep(1/2,2))","rbind(H1=c(0,1), H2=c(1,0))",Parametric,"c(0.5,1)",asOF,FALSE,TRUE,1,1,pvalue,threshold,0.75,TRUE,Selection,20000,2000,343,TRUE,FALSE,TRUE,TRUE
64,"Fut=0.25, Param, SS=10k, all props=0.4, SSR=Sel, lk1=0.5, CC",4346,0.024137425,0,0,0.024137425,"(0.02324,0.02503)","(0,0)","(0,0)","(0.02324,0.02503)",23449,"0.00115,0.02245",0.746003368,>>>,CER,10000,0.025,NA,NA,UnPooled,CombinationTest,3,1,list('EP1' = 'Binary'),NA,NA,"list('EP1' = c(0.4, 0.4, 0.4))","c(1,1,1)",matrix(1),"c(rep(1/2,2))","rbind(H1=c(0,1), H2=c(1,0))",Parametric,"c(0.5,1)",asOF,FALSE,TRUE,1,1,pvalue,threshold,0.25,TRUE,Selection,20000,2000,4346,TRUE,FALSE,TRUE,TRUE
65,"Sel Best=2, Param, SS=10k, all props=0.4, SSR=Sel, lk1=0.5, CC",2300,0.02516785,0,0,0.02516785,"(0.02428,0.02606)","(0,0)","(0,0)","(0.02428,0.02606)",23460,"0.00115,0.023",2.078788518,>>>,CER,10000,0.025,NA,NA,UnPooled,CombinationTest,3,1,list('EP1' = 'Binary'),NA,NA,"list('EP1' = c(0.4, 0.4, 0.4))","c(1,1,1)",matrix(1),"c(rep(1/2,2))","rbind(H1=c(0,1), H2=c(1,0))",Parametric,"c(0.5,1)",asOF,FALSE,TRUE,1,1,pvalue,best,2,TRUE,Selection,20000,2000,2300,TRUE,FALSE,TRUE,TRUE
66,"Fut=0.5, Param, SS=10k, all props=0.4, SSR=None, lk1=0.5, CC",2402,0.0251517,0,0,0.0251517,"(0.02426,0.02605)","(0,0)","(0,0)","(0.02426,0.02605)",24453,"0.0012,0.02265",1.333907248,>>>,CER,10000,0.025,NA,NA,UnPooled,CombinationTest,3,1,list('EP1' = 'Binary'),NA,NA,"list('EP1' = c(0.4, 0.4, 0.4))","c(1,1,1)",matrix(1),"c(rep(1/2,2))","rbind(H1=c(0,1), H2=c(1,0))",Parametric,"c(0.5,1)",asOF,FALSE,TRUE,1,1,pvalue,threshold,0.5,FALSE,None,20000,2000,2402,TRUE,FALSE,TRUE,TRUE
67,"No sel, Param, SS=1k, all props=0.4, lk1=0.5, no CC",64564,0.0254968,0,0,0.0254968,"(0.02455,0.02644)","(0,0)","(0,0)","(0.02455,0.02644)",38479,"0.0019,0.02395",2.00365674,>>>,CER,1000,0.025,NA,NA,UnPooled,CombinationTest,3,1,list('EP1' = 'Binary'),NA,NA,"list('EP1' = c(0.4, 0.4, 0.4))","c(1,1,1)",matrix(1),"c(rep(1/2,2))","rbind(H1=c(0,1), H2=c(1,0))",Parametric,"c(0.5,1)",asOF,FALSE,FALSE,NA,NA,NA,NA,NA,NA,None,20000,2000,64564,TRUE,FALSE,TRUE,FALSE
68,"Fut=0.75, no CC, Param, SS=1k, all props=0.4, SSR=Sel, lk1=0.5, no CC",343,0.02597355,0,0,0.02597355,"(0.02503,0.02692)","(0,0)","(0,0)","(0.02503,0.02692)",33491,"0.00165,0.02455",1.654245293,>>>,CER,1000,0.025,NA,NA,UnPooled,CombinationTest,3,1,list('EP1' = 'Binary'),NA,NA,"list('EP1' = c(0.4, 0.4, 0.4))","c(1,1,1)",matrix(1),"c(rep(1/2,2))","rbind(H1=c(0,1), H2=c(1,0))",Parametric,"c(0.5,1)",asOF,FALSE,TRUE,1,1,pvalue,threshold,0.75,TRUE,Selection,20000,2000,343,TRUE,FALSE,TRUE,FALSE
69,"Fut=0.25, Param, SS=1k, all props=0.4, SSR=Sel, lk1=0.5, no CC",4346,0.0246965,0,0,0.0246965,"(0.02375,0.02564)","(0,0)","(0,0)","(0.02375,0.02564)",31460,"0.00155,0.023",0.6911224,>>>,CER,1000,0.025,NA,NA,UnPooled,CombinationTest,3,1,list('EP1' = 'Binary'),NA,NA,"list('EP1' = c(0.4, 0.4, 0.4))","c(1,1,1)",matrix(1),"c(rep(1/2,2))","rbind(H1=c(0,1), H2=c(1,0))",Parametric,"c(0.5,1)",asOF,FALSE,TRUE,1,1,pvalue,threshold,0.25,TRUE,Selection,20000,2000,4346,TRUE,FALSE,TRUE,FALSE
70,"Sel Best=2, Param, SS=1k, all props=0.4, SSR=Sel, lk1=0.5, no CC",2300,0.02619385,0,0,0.02619385,"(0.02524,0.02715)","(0,0)","(0,0)","(0.02524,0.02715)",33493,"0.00165,0.02465",1.992066216,>>>,CER,1000,0.025,NA,NA,UnPooled,CombinationTest,3,1,list('EP1' = 'Binary'),NA,NA,"list('EP1' = c(0.4, 0.4, 0.4))","c(1,1,1)",matrix(1),"c(rep(1/2,2))","rbind(H1=c(0,1), H2=c(1,0))",Parametric,"c(0.5,1)",asOF,FALSE,TRUE,1,1,pvalue,best,2,TRUE,Selection,20000,2000,2300,TRUE,FALSE,TRUE,FALSE
71,"Fut=0.5, Param, SS=1k, all props=0.4, SSR=None, lk1=0.5, no CC",2402,0.0260678,0,0,0.0260678,"(0.02512,0.02702)","(0,0)","(0,0)","(0.02512,0.02702)",33489,"0.00165,0.02445",1.263883791,>>>,CER,1000,0.025,NA,NA,UnPooled,CombinationTest,3,1,list('EP1' = 'Binary'),NA,NA,"list('EP1' = c(0.4, 0.4, 0.4))","c(1,1,1)",matrix(1),"c(rep(1/2,2))","rbind(H1=c(0,1), H2=c(1,0))",Parametric,"c(0.5,1)",asOF,FALSE,TRUE,1,1,pvalue,threshold,0.5,FALSE,None,20000,2000,2402,TRUE,FALSE,TRUE,FALSE
72,"No sel, Param, SS=1k, all props=0.4, lk1=0.5, CC",64564,0.024516475,0,0,0.024516475,"(0.0236,0.02543)","(0,0)","(0,0)","(0.0236,0.02543)",34466,"0.0017,0.0233",1.992001918,>>>,CER,1000,0.025,NA,NA,UnPooled,CombinationTest,3,1,list('EP1' = 'Binary'),NA,NA,"list('EP1' = c(0.4, 0.4, 0.4))","c(1,1,1)",matrix(1),"c(rep(1/2,2))","rbind(H1=c(0,1), H2=c(1,0))",Parametric,"c(0.5,1)",asOF,FALSE,FALSE,NA,NA,NA,NA,NA,NA,None,20000,2000,64564,TRUE,FALSE,TRUE,TRUE
74,"Fut=0.25, Param, SS=1k, all props=0.4, SSR=Sel, lk1=0.5, CC",4346,0.0237966,0,0,0.0237966,"(0.02288,0.02471)","(0,0)","(0,0)","(0.02288,0.02471)",27446,"0.00135,0.0223",0.701999332,>>>,CER,1000,0.025,NA,NA,UnPooled,CombinationTest,3,1,list('EP1' = 'Binary'),NA,NA,"list('EP1' = c(0.4, 0.4, 0.4))","c(1,1,1)",matrix(1),"c(rep(1/2,2))","rbind(H1=c(0,1), H2=c(1,0))",Parametric,"c(0.5,1)",asOF,FALSE,TRUE,1,1,pvalue,threshold,0.25,TRUE,Selection,20000,2000,4346,TRUE,FALSE,TRUE,TRUE
76,"Fut=0.5, Param, SS=1k, all props=0.4, SSR=None, lk1=0.5, CC",2402,0.025045525,0,0,0.025045525,"(0.02413,0.02597)","(0,0)","(0,0)","(0.02413,0.02597)",29474,"0.00145,0.0237",1.263870974,>>>,CER,1000,0.025,NA,NA,UnPooled,CombinationTest,3,1,list('EP1' = 'Binary'),NA,NA,"list('EP1' = c(0.4, 0.4, 0.4))","c(1,1,1)",matrix(1),"c(rep(1/2,2))","rbind(H1=c(0,1), H2=c(1,0))",Parametric,"c(0.5,1)",asOF,FALSE,TRUE,1,1,pvalue,threshold,0.5,FALSE,None,20000,2000,2402,TRUE,FALSE,TRUE,TRUE
78,"Fut=0.75, no CC, Param, SS=3k, all props=0.4, SSR=Sel, lk1=0.5, no CC",343,0.026058375,0,0,0.026058375,"(0.0251,0.02701)","(0,0)","(0,0)","(0.0251,0.02701)",34446,"0.0017,0.0223",1.667124909,>>>,CER,3000,0.025,NA,NA,UnPooled,CombinationTest,3,1,list('EP1' = 'Binary'),NA,NA,"list('EP1' = c(0.4, 0.4, 0.4))","c(1,1,1)",matrix(1),"c(rep(1/2,2))","rbind(H1=c(0,1), H2=c(1,0))",Parametric,"c(0.5,1)",asOF,FALSE,TRUE,1,1,pvalue,threshold,0.75,TRUE,Selection,20000,2000,343,TRUE,FALSE,TRUE,FALSE
80,"Sel Best=2, Param, SS=3k, all props=0.4, SSR=Sel, lk1=0.5, no CC",2300,0.02602645,0,0,0.02602645,"(0.0251,0.02695)","(0,0)","(0,0)","(0.0251,0.02695)",28459,"0.0014,0.02295",2.017859048,>>>,CER,3000,0.025,NA,NA,UnPooled,CombinationTest,3,1,list('EP1' = 'Binary'),NA,NA,"list('EP1' = c(0.4, 0.4, 0.4))","c(1,1,1)",matrix(1),"c(rep(1/2,2))","rbind(H1=c(0,1), H2=c(1,0))",Parametric,"c(0.5,1)",asOF,FALSE,TRUE,1,1,pvalue,best,2,TRUE,Selection,20000,2000,2300,TRUE,FALSE,TRUE,FALSE
82,"No sel, Param, SS=3k, all props=0.4, lk1=0.5, CC",64564,0.02429715,0,0,0.02429715,"(0.02339,0.02521)","(0,0)","(0,0)","(0.02339,0.02521)",33429,"0.00165,0.02145",2.072398664,>>>,CER,3000,0.025,NA,NA,UnPooled,CombinationTest,3,1,list('EP1' = 'Binary'),NA,NA,"list('EP1' = c(0.4, 0.4, 0.4))","c(1,1,1)",matrix(1),"c(rep(1/2,2))","rbind(H1=c(0,1), H2=c(1,0))",Parametric,"c(0.5,1)",asOF,FALSE,FALSE,NA,NA,NA,NA,NA,NA,None,20000,2000,64564,TRUE,FALSE,TRUE,TRUE
84,"Fut=0.25, Param, SS=3k, all props=0.4, SSR=Sel, lk1=0.5, CC",4346,0.024604075,0,0,0.024604075,"(0.02366,0.02554)","(0,0)","(0,0)","(0.02366,0.02554)",31435,"0.00155,0.02175",0.701700776,>>>,CER,3000,0.025,NA,NA,UnPooled,CombinationTest,3,1,list('EP1' = 'Binary'),NA,NA,"list('EP1' = c(0.4, 0.4, 0.4))","c(1,1,1)",matrix(1),"c(rep(1/2,2))","rbind(H1=c(0,1), H2=c(1,0))",Parametric,"c(0.5,1)",asOF,FALSE,TRUE,1,1,pvalue,threshold,0.25,TRUE,Selection,20000,2000,4346,TRUE,FALSE,TRUE,TRUE
86,"Fut=0.5, Param, SS=3k, all props=0.4, SSR=None, lk1=0.5, CC",2402,0.025807425,0,0,0.025807425,"(0.02488,0.02673)","(0,0)","(0,0)","(0.02488,0.02673)",28458,"0.0014,0.0229",1.288355852,>>>,CER,3000,0.025,NA,NA,UnPooled,CombinationTest,3,1,list('EP1' = 'Binary'),NA,NA,"list('EP1' = c(0.4, 0.4, 0.4))","c(1,1,1)",matrix(1),"c(rep(1/2,2))","rbind(H1=c(0,1), H2=c(1,0))",Parametric,"c(0.5,1)",asOF,FALSE,TRUE,1,1,pvalue,threshold,0.5,FALSE,None,20000,2000,2402,TRUE,FALSE,TRUE,TRUE
88,"No sel, Param, SS=1k, all props=0.4, lk1=0.75, no CC",64564,0.0248401,0,0,0.0248401,"(0.0233,0.02638)","(0,0)","(0,0)","(0.0233,0.02638)",200297,"0.01,0.01485",1.99490123,>>>,CER,1000,0.025,NA,NA,UnPooled,CombinationTest,3,1,list('EP1' = 'Binary'),NA,NA,"list('EP1' = c(0.4, 0.4, 0.4))","c(1,1,1)",matrix(1),"c(rep(1/2,2))","rbind(H1=c(0,1), H2=c(1,0))",Parametric,"c(0.75,1)",asOF,FALSE,FALSE,NA,NA,NA,NA,NA,NA,None,20000,2000,64564,TRUE,FALSE,TRUE,FALSE
90,"Sel Best=2, Param, SS=10k, all props=0.4, SSR=Sel, lk1=0.75, no CC",2300,0.026235925,0,0,0.026235925,"(0.02465,0.02782)","(0,0)","(0,0)","(0.02465,0.02782)",214300,"0.0107,0.015",2.006036148,>>>,CER,10000,0.025,NA,NA,UnPooled,CombinationTest,3,1,list('EP1' = 'Binary'),NA,NA,"list('EP1' = c(0.4, 0.4, 0.4))","c(1,1,1)",matrix(1),"c(rep(1/2,2))","rbind(H1=c(0,1), H2=c(1,0))",Parametric,"c(0.75,1)",asOF,FALSE,TRUE,1,1,pvalue,best,2,TRUE,Selection,20000,2000,2300,TRUE,FALSE,TRUE,FALSE
91,"Sel Best=2, Param, SS=1k, all props=0.4, SSR=Sel, lk1=0.75, no CC",2300,0.02647405,0,0,0.02647405,"(0.0249,0.02804)","(0,0)","(0,0)","(0.0249,0.02804)",207352,"0.01035,0.0176",1.970936879,>>>,CER,1000,0.025,NA,NA,UnPooled,CombinationTest,3,1,list('EP1' = 'Binary'),NA,NA,"list('EP1' = c(0.4, 0.4, 0.4))","c(1,1,1)",matrix(1),"c(rep(1/2,2))","rbind(H1=c(0,1), H2=c(1,0))",Parametric,"c(0.75,1)",asOF,FALSE,TRUE,1,1,pvalue,best,2,TRUE,Selection,20000,2000,2300,TRUE,FALSE,TRUE,FALSE
93,"Fut=0.5, Param, SS=10k, all props=0.4, SSR=None, lk1=0.75, CC",2402,0.0262931,0,0,0.0262931,"(0.0247,0.02789)","(0,0)","(0,0)","(0.0247,0.02789)",217300,"0.01085,0.015",1.229324989,>>>,CER,10000,0.025,NA,NA,UnPooled,CombinationTest,3,1,list('EP1' = 'Binary'),NA,NA,"list('EP1' = c(0.4, 0.4, 0.4))","c(1,1,1)",matrix(1),"c(rep(1/2,2))","rbind(H1=c(0,1), H2=c(1,0))",Parametric,"c(0.75,1)",asOF,FALSE,TRUE,1,1,pvalue,threshold,0.5,FALSE,None,20000,2000,2402,TRUE,FALSE,TRUE,TRUE
95,"No sel, Param, SS=3k, all props=0.4, lk1=0.75, CC",64564,0.024739225,0,0,0.024739225,"(0.02322,0.02626)","(0,0)","(0,0)","(0.02322,0.02626)",194294,"0.0097,0.0147",1.970032573,>>>,CER,3000,0.025,NA,NA,UnPooled,CombinationTest,3,1,list('EP1' = 'Binary'),NA,NA,"list('EP1' = c(0.4, 0.4, 0.4))","c(1,1,1)",matrix(1),"c(rep(1/2,2))","rbind(H1=c(0,1), H2=c(1,0))",Parametric,"c(0.75,1)",asOF,FALSE,FALSE,NA,NA,NA,NA,NA,NA,None,20000,2000,64564,TRUE,FALSE,TRUE,TRUE
97,"Sel Best=2, Param, SS=1k, all props=0.4, SSR=Sel, lk1=0.75, CC",2300,0.0253793,0,0,0.0253793,"(0.02385,0.02691)","(0,0)","(0,0)","(0.02385,0.02691)",194338,"0.0097,0.0169",1.906130979,>>>,CER,1000,0.025,NA,NA,UnPooled,CombinationTest,3,1,list('EP1' = 'Binary'),NA,NA,"list('EP1' = c(0.4, 0.4, 0.4))","c(1,1,1)",matrix(1),"c(rep(1/2,2))","rbind(H1=c(0,1), H2=c(1,0))",Parametric,"c(0.75,1)",asOF,FALSE,TRUE,1,1,pvalue,best,2,TRUE,Selection,20000,2000,2300,TRUE,FALSE,TRUE,TRUE
99,"Sel Best=1, Param, SS=600, all props=0.4, SSR=Sel, lk1=0.5, CC",59079,0.0256477,0,0,0.0256477,"(0.02426,0.02704)","(0,0)","(0,0)","(0.02426,0.02704)",23234,"0.0023,0.0234",0.419742895,>>>,CER,600,0.025,NA,NA,UnPooled,CombinationTest,3,1,list('EP1' = 'Binary'),NA,NA,"list('EP1' = c(0.4, 0.4, 0.4))","c(1,1,1)",matrix(1),"c(rep(1/2,2))","rbind(H1=c(0,1), H2=c(1,0))",Parametric,"c(0.5,1)",asOF,FALSE,TRUE,1,1,pvalue,best,1,TRUE,Selection,10000,1000,59079,TRUE,FALSE,TRUE,TRUE
101,"Sel Best=1, Param, SS=3000, all props=0.4, SSR=Sel, lk1=0.5, CC",59079,0.02406,0,0,0.02406,"(0.02283,0.02529)","(0,0)","(0,0)","(0.02283,0.02529)",12225,"0.0012,0.0225",0.426222937,>>>,CER,3000,0.025,NA,NA,UnPooled,CombinationTest,3,1,list('EP1' = 'Binary'),NA,NA,"list('EP1' = c(0.4, 0.4, 0.4))","c(1,1,1)",matrix(1),"c(rep(1/2,2))","rbind(H1=c(0,1), H2=c(1,0))",Parametric,"c(0.5,1)",asOF,FALSE,TRUE,1,1,pvalue,best,1,TRUE,Selection,10000,1000,59079,TRUE,FALSE,TRUE,TRUE
103,"Sel Best=1, Param, SS=600, all props=0.4, SSR=Sel, lk1=0.5, CC",59079,0.0251165,0,0,0.0251165,"(0.02292,0.02731)","(0,0)","(0,0)","(0.02292,0.02731)",105126,"0.0105,0.0126",0.415651014,>>>,CER,600,0.025,NA,NA,UnPooled,CombinationTest,3,1,list('EP1' = 'Binary'),NA,NA,"list('EP1' = c(0.4, 0.4, 0.4))","c(1,1,1)",matrix(1),"c(rep(1/2,2))","rbind(H1=c(0,1), H2=c(1,0))",Parametric,"c(0.75,1)",asOF,FALSE,TRUE,1,1,pvalue,best,1,TRUE,Selection,10000,1000,59079,TRUE,FALSE,TRUE,TRUE
105,"Sel Best=1, Param, SS=3000, all props=0.4, SSR=Sel, lk1=0.5, CC",59079,0.0250612,0,0,0.0250612,"(0.0229,0.02723)","(0,0)","(0,0)","(0.0229,0.02723)",99159,"0.0099,0.0159",0.422658088,>>>,CER,3000,0.025,NA,NA,UnPooled,CombinationTest,3,1,list('EP1' = 'Binary'),NA,NA,"list('EP1' = c(0.4, 0.4, 0.4))","c(1,1,1)",matrix(1),"c(rep(1/2,2))","rbind(H1=c(0,1), H2=c(1,0))",Parametric,"c(0.75,1)",asOF,FALSE,TRUE,1,1,pvalue,best,1,TRUE,Selection,10000,1000,59079,TRUE,FALSE,TRUE,TRUE
107,"Fut=0.75, CC, Param, SS=10k, all props=0.4, SSR=Sel, lk1=0.5, CC",343,0.02682785,0,0,0.02682785,"(0.02522,0.02843)","(0,0)","(0,0)","(0.02522,0.02843)",217316,"0.01085,0.0158",1.667228858,>>>,CER,5000,0.025,NA,NA,UnPooled,CombinationTest,3,1,list('EP1' = 'Binary'),NA,NA,"list('EP1' = c(0.4, 0.4, 0.4))","c(1,1,1)",matrix(1),"c(rep(1/2,2))","rbind(H1=c(0,1), H2=c(1,0))",Parametric,"c(0.75,1)",asOF,FALSE,TRUE,1,1,pvalue,threshold,0.75,TRUE,Selection,20000,2000,343,TRUE,FALSE,TRUE,TRUE
109,"Fut=0.75, CC, Param, SS=3k, all props=0.4, SSR=Sel, lk1=0.5, CC",343,0.026484575,0,0,0.026484575,"(0.02489,0.02808)","(0,0)","(0,0)","(0.02489,0.02808)",214321,"0.0107,0.01605",1.626322071,>>>,CER,3000,0.025,NA,NA,UnPooled,CombinationTest,3,1,list('EP1' = 'Binary'),NA,NA,"list('EP1' = c(0.4, 0.4, 0.4))","c(1,1,1)",matrix(1),"c(rep(1/2,2))","rbind(H1=c(0,1), H2=c(1,0))",Parametric,"c(0.75,1)",asOF,FALSE,TRUE,1,1,pvalue,threshold,0.75,TRUE,Selection,20000,2000,343,TRUE,FALSE,TRUE,TRUE
111,"Fut=0.25, Param, SS=1000, all props=0.4, SSR=Sel, lk1=0.75, CC",4346,0.0238769,0,0,0.0238769,"(0.02182,0.02593)","(0,0)","(0,0)","(0.02182,0.02593)",85152,"0.0085,0.0152",0.179441342,>>>,CER,1000,0.025,NA,NA,UnPooled,CombinationTest,3,1,list('EP1' = 'Binary'),NA,NA,"list('EP1' = c(0.4, 0.4, 0.4))","c(1,1,1)",matrix(1),"c(rep(1/2,2))","rbind(H1=c(0,1), H2=c(1,0))",Parametric,"c(0.75,1)",asOF,FALSE,TRUE,1,1,pvalue,threshold,0.25,TRUE,Selection,10000,1000,4346,TRUE,FALSE,TRUE,TRUE
113,"Fut=0.25, Param, SS=5000, all props=0.4, SSR=Sel, lk1=0.75, CC",4346,0.0264426,0,0,0.0264426,"(0.02419,0.0287)","(0,0)","(0,0)","(0.02419,0.0287)",107141,"0.0107,0.0141",0.185706559,>>>,CER,5000,0.025,NA,NA,UnPooled,CombinationTest,3,1,list('EP1' = 'Binary'),NA,NA,"list('EP1' = c(0.4, 0.4, 0.4))","c(1,1,1)",matrix(1),"c(rep(1/2,2))","rbind(H1=c(0,1), H2=c(1,0))",Parametric,"c(0.75,1)",asOF,FALSE,TRUE,1,1,pvalue,threshold,0.25,TRUE,Selection,10000,1000,4346,TRUE,FALSE,TRUE,TRUE
