ModelID,Scenario,Method,SampleSize,alpha,TestStatCont,CommonStdDev,TestStatBin,FWERControl,nArms,nEps,lEpType,Arms.Mean,Arms.std.dev,Arms.Prop,Arms.alloc.ratio,EP.Corr,WI,G,test.type,info_frac,typeOfDesign,MultipleWinners,Selection,SelectionLook,SelectEndPoint,SelectionScale,SelectionCriterion,SelectionParameter,KeepAssociatedHypo,ImplicitSSR,nSimulation,nSimulation_Stage2,Seed,SummaryStat,plotGraphs,Parallel,UseCC
9,"No sel, Param, SS=600, all props=0.4, lk1=0.75, no CC",CER,600,0.025,NA,NA,UnPooled,CombinationTest,3,1,list('EP1' = 'Binary'),NA,NA,"list('EP1' = c(0.4, 0.4, 0.4))","c(1,1,1)",matrix(1),"c(rep(1/2,2))","rbind(H1=c(0,1), H2=c(1,0))",Parametric,"c(0.75,1)",asOF,FALSE,FALSE,NA,NA,NA,NA,NA,NA,None,10000,1000,64564,TRUE,FALSE,TRUE,FALSE
11,"Fut=0.5, Param, SS=600, all props=0.4, SSR=None, lk1=0.75, no CC",CER,600,0.025,NA,NA,UnPooled,CombinationTest,3,1,list('EP1' = 'Binary'),NA,NA,"list('EP1' = c(0.4, 0.4, 0.4))","c(1,1,1)",matrix(1),"c(rep(1/2,2))","rbind(H1=c(0,1), H2=c(1,0))",Parametric,"c(0.75,1)",asOF,FALSE,TRUE,1,1,pvalue,threshold,0.5,FALSE,None,10000,1000,11111,TRUE,FALSE,TRUE,FALSE
12,"Fut=0.75, no CC, Param, SS=600, all props=0.4, SSR=Sel, lk1=0.75, no CC",CER,600,0.025,NA,NA,UnPooled,CombinationTest,3,1,list('EP1' = 'Binary'),NA,NA,"list('EP1' = c(0.4, 0.4, 0.4))","c(1,1,1)",matrix(1),"c(rep(1/2,2))","rbind(H1=c(0,1), H2=c(1,0))",Parametric,"c(0.75,1)",asOF,FALSE,TRUE,1,1,pvalue,threshold,0.75,TRUE,Selection,10000,1000,343,TRUE,FALSE,TRUE,FALSE
13,"Fut=0.5, Param, SS=600, all props=0.4, SSR=Sel, lk1=0.75, no CC",CER,600,0.025,NA,NA,UnPooled,CombinationTest,3,1,list('EP1' = 'Binary'),NA,NA,"list('EP1' = c(0.4, 0.4, 0.4))","c(1,1,1)",matrix(1),"c(rep(1/2,2))","rbind(H1=c(0,1), H2=c(1,0))",Parametric,"c(0.75,1)",asOF,FALSE,TRUE,1,1,pvalue,threshold,0.5,TRUE,Selection,10000,1000,84234,TRUE,FALSE,TRUE,FALSE
14,"Fut=0.25, Param, SS=600, all props=0.4, SSR=Sel, lk1=0.75, no CC",CER,600,0.025,NA,NA,UnPooled,CombinationTest,3,1,list('EP1' = 'Binary'),NA,NA,"list('EP1' = c(0.4, 0.4, 0.4))","c(1,1,1)",matrix(1),"c(rep(1/2,2))","rbind(H1=c(0,1), H2=c(1,0))",Parametric,"c(0.75,1)",asOF,FALSE,TRUE,1,1,pvalue,threshold,0.25,TRUE,Selection,10000,1000,4346,TRUE,FALSE,TRUE,FALSE
15,"Sel Best=1, Param, SS=600, all props=0.4, SSR=Sel, lk1=0.75, no CC",CER,600,0.025,NA,NA,UnPooled,CombinationTest,3,1,list('EP1' = 'Binary'),NA,NA,"list('EP1' = c(0.4, 0.4, 0.4))","c(1,1,1)",matrix(1),"c(rep(1/2,2))","rbind(H1=c(0,1), H2=c(1,0))",Parametric,"c(0.75,1)",asOF,FALSE,TRUE,1,1,pvalue,best,1,TRUE,Selection,10000,1000,9504,TRUE,FALSE,TRUE,FALSE
16,"Sel Best=2, Param, SS=600, all props=0.4, SSR=Sel, lk1=0.75, no CC",CER,600,0.025,NA,NA,UnPooled,CombinationTest,3,1,list('EP1' = 'Binary'),NA,NA,"list('EP1' = c(0.4, 0.4, 0.4))","c(1,1,1)",matrix(1),"c(rep(1/2,2))","rbind(H1=c(0,1), H2=c(1,0))",Parametric,"c(0.75,1)",asOF,FALSE,TRUE,1,1,pvalue,best,2,TRUE,Selection,10000,1000,2300,TRUE,FALSE,TRUE,FALSE
17,"No sel, Param, SS=400, all props=0.4, lk1=0.5, no CC",CER,400,0.025,NA,NA,UnPooled,CombinationTest,3,1,list('EP1' = 'Binary'),NA,NA,"list('EP1' = c(0.4, 0.4, 0.4))","c(1,1,1)",matrix(1),"c(rep(1/2,2))","rbind(H1=c(0,1), H2=c(1,0))",Parametric,"c(0.5,1)",asOF,FALSE,FALSE,NA,NA,NA,NA,NA,NA,None,10000,1000,97827,TRUE,FALSE,TRUE,FALSE
18,"Sel Best=1, Param, SS=400, all props=0.4, SSR=None, lk1=0.5, no CC",CER,400,0.025,NA,NA,UnPooled,CombinationTest,3,1,list('EP1' = 'Binary'),NA,NA,"list('EP1' = c(0.4, 0.4, 0.4))","c(1,1,1)",matrix(1),"c(rep(1/2,2))","rbind(H1=c(0,1), H2=c(1,0))",Parametric,"c(0.5,1)",asOF,FALSE,TRUE,1,1,delta,best,1,FALSE,None,10000,1000,70743,TRUE,FALSE,TRUE,FALSE
19,"Fut=0.5, Param, SS=400, all props=0.4, SSR=None, lk1=0.5, no CC",CER,400,0.025,NA,NA,UnPooled,CombinationTest,3,1,list('EP1' = 'Binary'),NA,NA,"list('EP1' = c(0.4, 0.4, 0.4))","c(1,1,1)",matrix(1),"c(rep(1/2,2))","rbind(H1=c(0,1), H2=c(1,0))",Parametric,"c(0.5,1)",asOF,FALSE,TRUE,1,1,pvalue,threshold,0.5,FALSE,None,10000,1000,2402,TRUE,FALSE,TRUE,FALSE
20,"Fut=0.5, no CC, Param, SS=400, all props=0.4, SSR=Sel, lk1=0.5, no CC",CER,400,0.025,NA,NA,UnPooled,CombinationTest,3,1,list('EP1' = 'Binary'),NA,NA,"list('EP1' = c(0.4, 0.4, 0.4))","c(1,1,1)",matrix(1),"c(rep(1/2,2))","rbind(H1=c(0,1), H2=c(1,0))",Parametric,"c(0.5,1)",asOF,FALSE,TRUE,1,1,pvalue,threshold,0.75,TRUE,Selection,10000,1000,2637,TRUE,FALSE,TRUE,FALSE
21,"Fut=0.5, Param, SS=400, all props=0.4, SSR=Sel, lk1=0.5, no CC",CER,400,0.025,NA,NA,UnPooled,CombinationTest,3,1,list('EP1' = 'Binary'),NA,NA,"list('EP1' = c(0.4, 0.4, 0.4))","c(1,1,1)",matrix(1),"c(rep(1/2,2))","rbind(H1=c(0,1), H2=c(1,0))",Parametric,"c(0.5,1)",asOF,FALSE,TRUE,1,1,pvalue,threshold,0.5,TRUE,Selection,10000,1000,499,TRUE,FALSE,TRUE,FALSE
22,"Fut=0.25, Param, SS=400, all props=0.4, SSR=Sel, lk1=0.5, no CC",CER,400,0.025,NA,NA,UnPooled,CombinationTest,3,1,list('EP1' = 'Binary'),NA,NA,"list('EP1' = c(0.4, 0.4, 0.4))","c(1,1,1)",matrix(1),"c(rep(1/2,2))","rbind(H1=c(0,1), H2=c(1,0))",Parametric,"c(0.5,1)",asOF,FALSE,TRUE,1,1,pvalue,threshold,0.25,TRUE,Selection,10000,1000,30953,TRUE,FALSE,TRUE,FALSE
23,"Sel Best=1, Param, SS=400, all props=0.4, SSR=Sel, lk1=0.5, no CC",CER,400,0.025,NA,NA,UnPooled,CombinationTest,3,1,list('EP1' = 'Binary'),NA,NA,"list('EP1' = c(0.4, 0.4, 0.4))","c(1,1,1)",matrix(1),"c(rep(1/2,2))","rbind(H1=c(0,1), H2=c(1,0))",Parametric,"c(0.5,1)",asOF,FALSE,TRUE,1,1,pvalue,best,1,TRUE,Selection,10000,1000,59079,TRUE,FALSE,TRUE,FALSE
24,"Sel Best=2, Param, SS=400, all props=0.4, SSR=Sel, lk1=0.5, no CC",CER,400,0.025,NA,NA,UnPooled,CombinationTest,3,1,list('EP1' = 'Binary'),NA,NA,"list('EP1' = c(0.4, 0.4, 0.4))","c(1,1,1)",matrix(1),"c(rep(1/2,2))","rbind(H1=c(0,1), H2=c(1,0))",Parametric,"c(0.5,1)",asOF,FALSE,TRUE,1,1,pvalue,best,2,TRUE,Selection,10000,1000,58217,TRUE,FALSE,TRUE,FALSE
25,"No sel, Param, SS=400, all props=0.4, lk1=0.5, no CC, FWCtr=None",CER,400,0.025,NA,NA,UnPooled,None,3,1,list('EP1' = 'Binary'),NA,NA,"list('EP1' = c(0.4, 0.4, 0.4))","c(1,1,1)",matrix(1),"c(rep(1/2,2))","rbind(H1=c(0,1), H2=c(1,0))",Parametric,"c(0.5,1)",asOF,FALSE,FALSE,NA,NA,NA,NA,NA,NA,None,10000,1000,97827,TRUE,FALSE,TRUE,FALSE
26,"Sel Best=1, Param, SS=400, all props=0.4, SSR=None, lk1=0.5, no CC, FWCtr=None",CER,400,0.025,NA,NA,UnPooled,None,3,1,list('EP1' = 'Binary'),NA,NA,"list('EP1' = c(0.4, 0.4, 0.4))","c(1,1,1)",matrix(1),"c(rep(1/2,2))","rbind(H1=c(0,1), H2=c(1,0))",Parametric,"c(0.5,1)",asOF,FALSE,TRUE,1,1,delta,best,1,FALSE,None,10000,1000,70743,TRUE,FALSE,TRUE,FALSE
27,"Fut=0.5, Param, SS=400, all props=0.4, SSR=None, lk1=0.5, no CC, FWCtr=None",CER,400,0.025,NA,NA,UnPooled,None,3,1,list('EP1' = 'Binary'),NA,NA,"list('EP1' = c(0.4, 0.4, 0.4))","c(1,1,1)",matrix(1),"c(rep(1/2,2))","rbind(H1=c(0,1), H2=c(1,0))",Parametric,"c(0.5,1)",asOF,FALSE,TRUE,1,1,pvalue,threshold,0.5,FALSE,None,10000,1000,2402,TRUE,FALSE,TRUE,FALSE
28,"Fut=0.5, no CC, FWCtr=None, Param, SS=400, all props=0.4, SSR=Sel, lk1=0.5, no CC, FWCtr=None",CER,400,0.025,NA,NA,UnPooled,None,3,1,list('EP1' = 'Binary'),NA,NA,"list('EP1' = c(0.4, 0.4, 0.4))","c(1,1,1)",matrix(1),"c(rep(1/2,2))","rbind(H1=c(0,1), H2=c(1,0))",Parametric,"c(0.5,1)",asOF,FALSE,TRUE,1,1,pvalue,threshold,0.75,TRUE,Selection,10000,1000,2637,TRUE,FALSE,TRUE,FALSE
29,"Fut=0.5, Param, SS=400, all props=0.4, SSR=Sel, lk1=0.5, no CC, FWCtr=None",CER,400,0.025,NA,NA,UnPooled,None,3,1,list('EP1' = 'Binary'),NA,NA,"list('EP1' = c(0.4, 0.4, 0.4))","c(1,1,1)",matrix(1),"c(rep(1/2,2))","rbind(H1=c(0,1), H2=c(1,0))",Parametric,"c(0.5,1)",asOF,FALSE,TRUE,1,1,pvalue,threshold,0.5,TRUE,Selection,10000,1000,499,TRUE,FALSE,TRUE,FALSE
31,"Sel Best=1, Param, SS=400, all props=0.4, SSR=Sel, lk1=0.5, no CC, FWCtr=None",CER,400,0.025,NA,NA,UnPooled,None,3,1,list('EP1' = 'Binary'),NA,NA,"list('EP1' = c(0.4, 0.4, 0.4))","c(1,1,1)",matrix(1),"c(rep(1/2,2))","rbind(H1=c(0,1), H2=c(1,0))",Parametric,"c(0.5,1)",asOF,FALSE,TRUE,1,1,pvalue,best,1,TRUE,Selection,10000,1000,59079,TRUE,FALSE,TRUE,FALSE
32,"Sel Best=2, Param, SS=400, all props=0.4, SSR=Sel, lk1=0.5, no CC, FWCtr=None",CER,400,0.025,NA,NA,UnPooled,None,3,1,list('EP1' = 'Binary'),NA,NA,"list('EP1' = c(0.4, 0.4, 0.4))","c(1,1,1)",matrix(1),"c(rep(1/2,2))","rbind(H1=c(0,1), H2=c(1,0))",Parametric,"c(0.5,1)",asOF,FALSE,TRUE,1,1,pvalue,best,2,TRUE,Selection,10000,1000,58217,TRUE,FALSE,TRUE,FALSE
33,"No sel, Param, SS=600, all props=0.4, lk1=0.75, CC",CER,600,0.025,NA,NA,UnPooled,CombinationTest,3,1,list('EP1' = 'Binary'),NA,NA,"list('EP1' = c(0.4, 0.4, 0.4))","c(1,1,1)",matrix(1),"c(rep(1/2,2))","rbind(H1=c(0,1), H2=c(1,0))",Parametric,"c(0.75,1)",asOF,FALSE,FALSE,NA,NA,NA,NA,NA,NA,None,10000,1000,64564,TRUE,FALSE,TRUE,TRUE
36,"Fut=0.75, CC, Param, SS=600, all props=0.4, SSR=Sel, lk1=0.75, CC",CER,600,0.025,NA,NA,UnPooled,CombinationTest,3,1,list('EP1' = 'Binary'),NA,NA,"list('EP1' = c(0.4, 0.4, 0.4))","c(1,1,1)",matrix(1),"c(rep(1/2,2))","rbind(H1=c(0,1), H2=c(1,0))",Parametric,"c(0.75,1)",asOF,FALSE,TRUE,1,1,pvalue,threshold,0.75,TRUE,Selection,10000,1000,343,TRUE,FALSE,TRUE,TRUE
38,"Fut=0.25, Param, SS=600, all props=0.4, SSR=Sel, lk1=0.75, CC",CER,600,0.025,NA,NA,UnPooled,CombinationTest,3,1,list('EP1' = 'Binary'),NA,NA,"list('EP1' = c(0.4, 0.4, 0.4))","c(1,1,1)",matrix(1),"c(rep(1/2,2))","rbind(H1=c(0,1), H2=c(1,0))",Parametric,"c(0.75,1)",asOF,FALSE,TRUE,1,1,pvalue,threshold,0.25,TRUE,Selection,10000,1000,4346,TRUE,FALSE,TRUE,TRUE
40,"Sel Best=2, Param, SS=600, all props=0.4, SSR=Sel, lk1=0.75, CC",CER,600,0.025,NA,NA,UnPooled,CombinationTest,3,1,list('EP1' = 'Binary'),NA,NA,"list('EP1' = c(0.4, 0.4, 0.4))","c(1,1,1)",matrix(1),"c(rep(1/2,2))","rbind(H1=c(0,1), H2=c(1,0))",Parametric,"c(0.75,1)",asOF,FALSE,TRUE,1,1,pvalue,best,2,TRUE,Selection,10000,1000,2300,TRUE,FALSE,TRUE,TRUE
43,"Fut=0.5, Param, SS=400, all props=0.4, SSR=None, lk1=0.5, CC",CER,400,0.025,NA,NA,UnPooled,CombinationTest,3,1,list('EP1' = 'Binary'),NA,NA,"list('EP1' = c(0.4, 0.4, 0.4))","c(1,1,1)",matrix(1),"c(rep(1/2,2))","rbind(H1=c(0,1), H2=c(1,0))",Parametric,"c(0.5,1)",asOF,FALSE,TRUE,1,1,pvalue,threshold,0.5,FALSE,None,10000,1000,2402,TRUE,FALSE,TRUE,TRUE
44,"Fut=0.5, CC, Param, SS=400, all props=0.4, SSR=Sel, lk1=0.5, CC",CER,400,0.025,NA,NA,UnPooled,CombinationTest,3,1,list('EP1' = 'Binary'),NA,NA,"list('EP1' = c(0.4, 0.4, 0.4))","c(1,1,1)",matrix(1),"c(rep(1/2,2))","rbind(H1=c(0,1), H2=c(1,0))",Parametric,"c(0.5,1)",asOF,FALSE,TRUE,1,1,pvalue,threshold,0.75,TRUE,Selection,10000,1000,2637,TRUE,FALSE,TRUE,TRUE
51,"Fut=0.5, Param, SS=400, all props=0.4, SSR=None, lk1=0.5, CC, FWCtr=None",CER,400,0.025,NA,NA,UnPooled,None,3,1,list('EP1' = 'Binary'),NA,NA,"list('EP1' = c(0.4, 0.4, 0.4))","c(1,1,1)",matrix(1),"c(rep(1/2,2))","rbind(H1=c(0,1), H2=c(1,0))",Parametric,"c(0.5,1)",asOF,FALSE,TRUE,1,1,pvalue,threshold,0.5,FALSE,None,10000,1000,2402,TRUE,FALSE,TRUE,TRUE
52,"Fut=0.5, CC, FWCtr=None, Param, SS=400, all props=0.4, SSR=Sel, lk1=0.5, CC, FWCtr=None",CER,400,0.025,NA,NA,UnPooled,None,3,1,list('EP1' = 'Binary'),NA,NA,"list('EP1' = c(0.4, 0.4, 0.4))","c(1,1,1)",matrix(1),"c(rep(1/2,2))","rbind(H1=c(0,1), H2=c(1,0))",Parametric,"c(0.5,1)",asOF,FALSE,TRUE,1,1,pvalue,threshold,0.75,TRUE,Selection,10000,1000,2637,TRUE,FALSE,TRUE,TRUE
53,"Fut=0.5, Param, SS=400, all props=0.4, SSR=Sel, lk1=0.5, CC, FWCtr=None",CER,400,0.025,NA,NA,UnPooled,None,3,1,list('EP1' = 'Binary'),NA,NA,"list('EP1' = c(0.4, 0.4, 0.4))","c(1,1,1)",matrix(1),"c(rep(1/2,2))","rbind(H1=c(0,1), H2=c(1,0))",Parametric,"c(0.5,1)",asOF,FALSE,TRUE,1,1,pvalue,threshold,0.5,TRUE,Selection,10000,1000,499,TRUE,FALSE,TRUE,TRUE
57,"No sel, Param, SS=10k, all props=0.4, lk1=0.5, no CC",CER,10000,0.025,NA,NA,UnPooled,CombinationTest,3,1,list('EP1' = 'Binary'),NA,NA,"list('EP1' = c(0.4, 0.4, 0.4))","c(1,1,1)",matrix(1),"c(rep(1/2,2))","rbind(H1=c(0,1), H2=c(1,0))",Parametric,"c(0.5,1)",asOF,FALSE,FALSE,NA,NA,NA,NA,NA,NA,None,20000,2000,64564,TRUE,FALSE,TRUE,FALSE
58,"Fut=0.75, no CC, Param, SS=10k, all props=0.4, SSR=Sel, lk1=0.5, no CC",CER,10000,0.025,NA,NA,UnPooled,CombinationTest,3,1,list('EP1' = 'Binary'),NA,NA,"list('EP1' = c(0.4, 0.4, 0.4))","c(1,1,1)",matrix(1),"c(rep(1/2,2))","rbind(H1=c(0,1), H2=c(1,0))",Parametric,"c(0.5,1)",asOF,FALSE,TRUE,1,1,pvalue,threshold,0.75,TRUE,Selection,20000,2000,343,TRUE,FALSE,TRUE,FALSE
59,"Fut=0.25, Param, SS=10k, all props=0.4, SSR=Sel, lk1=0.5, no CC",CER,10000,0.025,NA,NA,UnPooled,CombinationTest,3,1,list('EP1' = 'Binary'),NA,NA,"list('EP1' = c(0.4, 0.4, 0.4))","c(1,1,1)",matrix(1),"c(rep(1/2,2))","rbind(H1=c(0,1), H2=c(1,0))",Parametric,"c(0.5,1)",asOF,FALSE,TRUE,1,1,pvalue,threshold,0.25,TRUE,Selection,20000,2000,4346,TRUE,FALSE,TRUE,FALSE
60,"Sel Best=2, Param, SS=10k, all props=0.4, SSR=Sel, lk1=0.5, no CC",CER,10000,0.025,NA,NA,UnPooled,CombinationTest,3,1,list('EP1' = 'Binary'),NA,NA,"list('EP1' = c(0.4, 0.4, 0.4))","c(1,1,1)",matrix(1),"c(rep(1/2,2))","rbind(H1=c(0,1), H2=c(1,0))",Parametric,"c(0.5,1)",asOF,FALSE,TRUE,1,1,pvalue,best,2,TRUE,Selection,20000,2000,2300,TRUE,FALSE,TRUE,FALSE
61,"Fut=0.5, Param, SS=10k, all props=0.4, SSR=None, lk1=0.5, no CC",CER,10000,0.025,NA,NA,UnPooled,CombinationTest,3,1,list('EP1' = 'Binary'),NA,NA,"list('EP1' = c(0.4, 0.4, 0.4))","c(1,1,1)",matrix(1),"c(rep(1/2,2))","rbind(H1=c(0,1), H2=c(1,0))",Parametric,"c(0.5,1)",asOF,FALSE,TRUE,1,1,pvalue,threshold,0.5,FALSE,None,20000,2000,2402,TRUE,FALSE,TRUE,FALSE
62,"No sel, Param, SS=10k, all props=0.4, lk1=0.5, CC",CER,10000,0.025,NA,NA,UnPooled,CombinationTest,3,1,list('EP1' = 'Binary'),NA,NA,"list('EP1' = c(0.4, 0.4, 0.4))","c(1,1,1)",matrix(1),"c(rep(1/2,2))","rbind(H1=c(0,1), H2=c(1,0))",Parametric,"c(0.5,1)",asOF,FALSE,FALSE,NA,NA,NA,NA,NA,NA,None,20000,2000,64564,TRUE,FALSE,TRUE,TRUE
63,"Fut=0.75, CC, Param, SS=10k, all props=0.4, SSR=Sel, lk1=0.5, CC",CER,10000,0.025,NA,NA,UnPooled,CombinationTest,3,1,list('EP1' = 'Binary'),NA,NA,"list('EP1' = c(0.4, 0.4, 0.4))","c(1,1,1)",matrix(1),"c(rep(1/2,2))","rbind(H1=c(0,1), H2=c(1,0))",Parametric,"c(0.5,1)",asOF,FALSE,TRUE,1,1,pvalue,threshold,0.75,TRUE,Selection,20000,2000,343,TRUE,FALSE,TRUE,TRUE
64,"Fut=0.25, Param, SS=10k, all props=0.4, SSR=Sel, lk1=0.5, CC",CER,10000,0.025,NA,NA,UnPooled,CombinationTest,3,1,list('EP1' = 'Binary'),NA,NA,"list('EP1' = c(0.4, 0.4, 0.4))","c(1,1,1)",matrix(1),"c(rep(1/2,2))","rbind(H1=c(0,1), H2=c(1,0))",Parametric,"c(0.5,1)",asOF,FALSE,TRUE,1,1,pvalue,threshold,0.25,TRUE,Selection,20000,2000,4346,TRUE,FALSE,TRUE,TRUE
65,"Sel Best=2, Param, SS=10k, all props=0.4, SSR=Sel, lk1=0.5, CC",CER,10000,0.025,NA,NA,UnPooled,CombinationTest,3,1,list('EP1' = 'Binary'),NA,NA,"list('EP1' = c(0.4, 0.4, 0.4))","c(1,1,1)",matrix(1),"c(rep(1/2,2))","rbind(H1=c(0,1), H2=c(1,0))",Parametric,"c(0.5,1)",asOF,FALSE,TRUE,1,1,pvalue,best,2,TRUE,Selection,20000,2000,2300,TRUE,FALSE,TRUE,TRUE
66,"Fut=0.5, Param, SS=10k, all props=0.4, SSR=None, lk1=0.5, CC",CER,10000,0.025,NA,NA,UnPooled,CombinationTest,3,1,list('EP1' = 'Binary'),NA,NA,"list('EP1' = c(0.4, 0.4, 0.4))","c(1,1,1)",matrix(1),"c(rep(1/2,2))","rbind(H1=c(0,1), H2=c(1,0))",Parametric,"c(0.5,1)",asOF,FALSE,TRUE,1,1,pvalue,threshold,0.5,FALSE,None,20000,2000,2402,TRUE,FALSE,TRUE,TRUE
67,"No sel, Param, SS=1k, all props=0.4, lk1=0.5, no CC",CER,1000,0.025,NA,NA,UnPooled,CombinationTest,3,1,list('EP1' = 'Binary'),NA,NA,"list('EP1' = c(0.4, 0.4, 0.4))","c(1,1,1)",matrix(1),"c(rep(1/2,2))","rbind(H1=c(0,1), H2=c(1,0))",Parametric,"c(0.5,1)",asOF,FALSE,FALSE,NA,NA,NA,NA,NA,NA,None,20000,2000,64564,TRUE,FALSE,TRUE,FALSE
68,"Fut=0.75, no CC, Param, SS=1k, all props=0.4, SSR=Sel, lk1=0.5, no CC",CER,1000,0.025,NA,NA,UnPooled,CombinationTest,3,1,list('EP1' = 'Binary'),NA,NA,"list('EP1' = c(0.4, 0.4, 0.4))","c(1,1,1)",matrix(1),"c(rep(1/2,2))","rbind(H1=c(0,1), H2=c(1,0))",Parametric,"c(0.5,1)",asOF,FALSE,TRUE,1,1,pvalue,threshold,0.75,TRUE,Selection,20000,2000,343,TRUE,FALSE,TRUE,FALSE
69,"Fut=0.25, Param, SS=1k, all props=0.4, SSR=Sel, lk1=0.5, no CC",CER,1000,0.025,NA,NA,UnPooled,CombinationTest,3,1,list('EP1' = 'Binary'),NA,NA,"list('EP1' = c(0.4, 0.4, 0.4))","c(1,1,1)",matrix(1),"c(rep(1/2,2))","rbind(H1=c(0,1), H2=c(1,0))",Parametric,"c(0.5,1)",asOF,FALSE,TRUE,1,1,pvalue,threshold,0.25,TRUE,Selection,20000,2000,4346,TRUE,FALSE,TRUE,FALSE
70,"Sel Best=2, Param, SS=1k, all props=0.4, SSR=Sel, lk1=0.5, no CC",CER,1000,0.025,NA,NA,UnPooled,CombinationTest,3,1,list('EP1' = 'Binary'),NA,NA,"list('EP1' = c(0.4, 0.4, 0.4))","c(1,1,1)",matrix(1),"c(rep(1/2,2))","rbind(H1=c(0,1), H2=c(1,0))",Parametric,"c(0.5,1)",asOF,FALSE,TRUE,1,1,pvalue,best,2,TRUE,Selection,20000,2000,2300,TRUE,FALSE,TRUE,FALSE
71,"Fut=0.5, Param, SS=1k, all props=0.4, SSR=None, lk1=0.5, no CC",CER,1000,0.025,NA,NA,UnPooled,CombinationTest,3,1,list('EP1' = 'Binary'),NA,NA,"list('EP1' = c(0.4, 0.4, 0.4))","c(1,1,1)",matrix(1),"c(rep(1/2,2))","rbind(H1=c(0,1), H2=c(1,0))",Parametric,"c(0.5,1)",asOF,FALSE,TRUE,1,1,pvalue,threshold,0.5,FALSE,None,20000,2000,2402,TRUE,FALSE,TRUE,FALSE
72,"No sel, Param, SS=1k, all props=0.4, lk1=0.5, CC",CER,1000,0.025,NA,NA,UnPooled,CombinationTest,3,1,list('EP1' = 'Binary'),NA,NA,"list('EP1' = c(0.4, 0.4, 0.4))","c(1,1,1)",matrix(1),"c(rep(1/2,2))","rbind(H1=c(0,1), H2=c(1,0))",Parametric,"c(0.5,1)",asOF,FALSE,FALSE,NA,NA,NA,NA,NA,NA,None,20000,2000,64564,TRUE,FALSE,TRUE,TRUE
73,"Fut=0.75, CC, Param, SS=1k, all props=0.4, SSR=Sel, lk1=0.5, CC",CER,1000,0.025,NA,NA,UnPooled,CombinationTest,3,1,list('EP1' = 'Binary'),NA,NA,"list('EP1' = c(0.4, 0.4, 0.4))","c(1,1,1)",matrix(1),"c(rep(1/2,2))","rbind(H1=c(0,1), H2=c(1,0))",Parametric,"c(0.5,1)",asOF,FALSE,TRUE,1,1,pvalue,threshold,0.75,TRUE,Selection,20000,2000,343,TRUE,FALSE,TRUE,TRUE
74,"Fut=0.25, Param, SS=1k, all props=0.4, SSR=Sel, lk1=0.5, CC",CER,1000,0.025,NA,NA,UnPooled,CombinationTest,3,1,list('EP1' = 'Binary'),NA,NA,"list('EP1' = c(0.4, 0.4, 0.4))","c(1,1,1)",matrix(1),"c(rep(1/2,2))","rbind(H1=c(0,1), H2=c(1,0))",Parametric,"c(0.5,1)",asOF,FALSE,TRUE,1,1,pvalue,threshold,0.25,TRUE,Selection,20000,2000,4346,TRUE,FALSE,TRUE,TRUE
75,"Sel Best=2, Param, SS=1k, all props=0.4, SSR=Sel, lk1=0.5, CC",CER,1000,0.025,NA,NA,UnPooled,CombinationTest,3,1,list('EP1' = 'Binary'),NA,NA,"list('EP1' = c(0.4, 0.4, 0.4))","c(1,1,1)",matrix(1),"c(rep(1/2,2))","rbind(H1=c(0,1), H2=c(1,0))",Parametric,"c(0.5,1)",asOF,FALSE,TRUE,1,1,pvalue,best,2,TRUE,Selection,20000,2000,2300,TRUE,FALSE,TRUE,TRUE
76,"Fut=0.5, Param, SS=1k, all props=0.4, SSR=None, lk1=0.5, CC",CER,1000,0.025,NA,NA,UnPooled,CombinationTest,3,1,list('EP1' = 'Binary'),NA,NA,"list('EP1' = c(0.4, 0.4, 0.4))","c(1,1,1)",matrix(1),"c(rep(1/2,2))","rbind(H1=c(0,1), H2=c(1,0))",Parametric,"c(0.5,1)",asOF,FALSE,TRUE,1,1,pvalue,threshold,0.5,FALSE,None,20000,2000,2402,TRUE,FALSE,TRUE,TRUE
77,"No sel, Param, SS=3k, all props=0.4, lk1=0.5, no CC",CER,3000,0.025,NA,NA,UnPooled,CombinationTest,3,1,list('EP1' = 'Binary'),NA,NA,"list('EP1' = c(0.4, 0.4, 0.4))","c(1,1,1)",matrix(1),"c(rep(1/2,2))","rbind(H1=c(0,1), H2=c(1,0))",Parametric,"c(0.5,1)",asOF,FALSE,FALSE,NA,NA,NA,NA,NA,NA,None,20000,2000,64564,TRUE,FALSE,TRUE,FALSE
78,"Fut=0.75, no CC, Param, SS=3k, all props=0.4, SSR=Sel, lk1=0.5, no CC",CER,3000,0.025,NA,NA,UnPooled,CombinationTest,3,1,list('EP1' = 'Binary'),NA,NA,"list('EP1' = c(0.4, 0.4, 0.4))","c(1,1,1)",matrix(1),"c(rep(1/2,2))","rbind(H1=c(0,1), H2=c(1,0))",Parametric,"c(0.5,1)",asOF,FALSE,TRUE,1,1,pvalue,threshold,0.75,TRUE,Selection,20000,2000,343,TRUE,FALSE,TRUE,FALSE
79,"Fut=0.25, Param, SS=3k, all props=0.4, SSR=Sel, lk1=0.5, no CC",CER,3000,0.025,NA,NA,UnPooled,CombinationTest,3,1,list('EP1' = 'Binary'),NA,NA,"list('EP1' = c(0.4, 0.4, 0.4))","c(1,1,1)",matrix(1),"c(rep(1/2,2))","rbind(H1=c(0,1), H2=c(1,0))",Parametric,"c(0.5,1)",asOF,FALSE,TRUE,1,1,pvalue,threshold,0.25,TRUE,Selection,20000,2000,4346,TRUE,FALSE,TRUE,FALSE
80,"Sel Best=2, Param, SS=3k, all props=0.4, SSR=Sel, lk1=0.5, no CC",CER,3000,0.025,NA,NA,UnPooled,CombinationTest,3,1,list('EP1' = 'Binary'),NA,NA,"list('EP1' = c(0.4, 0.4, 0.4))","c(1,1,1)",matrix(1),"c(rep(1/2,2))","rbind(H1=c(0,1), H2=c(1,0))",Parametric,"c(0.5,1)",asOF,FALSE,TRUE,1,1,pvalue,best,2,TRUE,Selection,20000,2000,2300,TRUE,FALSE,TRUE,FALSE
81,"Fut=0.5, Param, SS=3k, all props=0.4, SSR=None, lk1=0.5, no CC",CER,3000,0.025,NA,NA,UnPooled,CombinationTest,3,1,list('EP1' = 'Binary'),NA,NA,"list('EP1' = c(0.4, 0.4, 0.4))","c(1,1,1)",matrix(1),"c(rep(1/2,2))","rbind(H1=c(0,1), H2=c(1,0))",Parametric,"c(0.5,1)",asOF,FALSE,TRUE,1,1,pvalue,threshold,0.5,FALSE,None,20000,2000,2402,TRUE,FALSE,TRUE,FALSE
82,"No sel, Param, SS=3k, all props=0.4, lk1=0.5, CC",CER,3000,0.025,NA,NA,UnPooled,CombinationTest,3,1,list('EP1' = 'Binary'),NA,NA,"list('EP1' = c(0.4, 0.4, 0.4))","c(1,1,1)",matrix(1),"c(rep(1/2,2))","rbind(H1=c(0,1), H2=c(1,0))",Parametric,"c(0.5,1)",asOF,FALSE,FALSE,NA,NA,NA,NA,NA,NA,None,20000,2000,64564,TRUE,FALSE,TRUE,TRUE
83,"Fut=0.75, CC, Param, SS=3k, all props=0.4, SSR=Sel, lk1=0.5, CC",CER,3000,0.025,NA,NA,UnPooled,CombinationTest,3,1,list('EP1' = 'Binary'),NA,NA,"list('EP1' = c(0.4, 0.4, 0.4))","c(1,1,1)",matrix(1),"c(rep(1/2,2))","rbind(H1=c(0,1), H2=c(1,0))",Parametric,"c(0.5,1)",asOF,FALSE,TRUE,1,1,pvalue,threshold,0.75,TRUE,Selection,20000,2000,343,TRUE,FALSE,TRUE,TRUE
84,"Fut=0.25, Param, SS=3k, all props=0.4, SSR=Sel, lk1=0.5, CC",CER,3000,0.025,NA,NA,UnPooled,CombinationTest,3,1,list('EP1' = 'Binary'),NA,NA,"list('EP1' = c(0.4, 0.4, 0.4))","c(1,1,1)",matrix(1),"c(rep(1/2,2))","rbind(H1=c(0,1), H2=c(1,0))",Parametric,"c(0.5,1)",asOF,FALSE,TRUE,1,1,pvalue,threshold,0.25,TRUE,Selection,20000,2000,4346,TRUE,FALSE,TRUE,TRUE
85,"Sel Best=2, Param, SS=3k, all props=0.4, SSR=Sel, lk1=0.5, CC",CER,3000,0.025,NA,NA,UnPooled,CombinationTest,3,1,list('EP1' = 'Binary'),NA,NA,"list('EP1' = c(0.4, 0.4, 0.4))","c(1,1,1)",matrix(1),"c(rep(1/2,2))","rbind(H1=c(0,1), H2=c(1,0))",Parametric,"c(0.5,1)",asOF,FALSE,TRUE,1,1,pvalue,best,2,TRUE,Selection,20000,2000,2300,TRUE,FALSE,TRUE,TRUE
86,"Fut=0.5, Param, SS=3k, all props=0.4, SSR=None, lk1=0.5, CC",CER,3000,0.025,NA,NA,UnPooled,CombinationTest,3,1,list('EP1' = 'Binary'),NA,NA,"list('EP1' = c(0.4, 0.4, 0.4))","c(1,1,1)",matrix(1),"c(rep(1/2,2))","rbind(H1=c(0,1), H2=c(1,0))",Parametric,"c(0.5,1)",asOF,FALSE,TRUE,1,1,pvalue,threshold,0.5,FALSE,None,20000,2000,2402,TRUE,FALSE,TRUE,TRUE
87,"Fut=0.5, Param, SS=10k, all props=0.4, SSR=None, lk1=0.75, no CC",CER,10000,0.025,NA,NA,UnPooled,CombinationTest,3,1,list('EP1' = 'Binary'),NA,NA,"list('EP1' = c(0.4, 0.4, 0.4))","c(1,1,1)",matrix(1),"c(rep(1/2,2))","rbind(H1=c(0,1), H2=c(1,0))",Parametric,"c(0.75,1)",asOF,FALSE,TRUE,1,1,pvalue,threshold,0.5,FALSE,None,20000,2000,2402,TRUE,FALSE,TRUE,FALSE
88,"No sel, Param, SS=1k, all props=0.4, lk1=0.75, no CC",CER,1000,0.025,NA,NA,UnPooled,CombinationTest,3,1,list('EP1' = 'Binary'),NA,NA,"list('EP1' = c(0.4, 0.4, 0.4))","c(1,1,1)",matrix(1),"c(rep(1/2,2))","rbind(H1=c(0,1), H2=c(1,0))",Parametric,"c(0.75,1)",asOF,FALSE,FALSE,NA,NA,NA,NA,NA,NA,None,20000,2000,64564,TRUE,FALSE,TRUE,FALSE
89,"No sel, Param, SS=3k, all props=0.4, lk1=0.75, no CC",CER,3000,0.025,NA,NA,UnPooled,CombinationTest,3,1,list('EP1' = 'Binary'),NA,NA,"list('EP1' = c(0.4, 0.4, 0.4))","c(1,1,1)",matrix(1),"c(rep(1/2,2))","rbind(H1=c(0,1), H2=c(1,0))",Parametric,"c(0.75,1)",asOF,FALSE,FALSE,NA,NA,NA,NA,NA,NA,None,20000,2000,64564,TRUE,FALSE,TRUE,FALSE
90,"Sel Best=2, Param, SS=10k, all props=0.4, SSR=Sel, lk1=0.75, no CC",CER,10000,0.025,NA,NA,UnPooled,CombinationTest,3,1,list('EP1' = 'Binary'),NA,NA,"list('EP1' = c(0.4, 0.4, 0.4))","c(1,1,1)",matrix(1),"c(rep(1/2,2))","rbind(H1=c(0,1), H2=c(1,0))",Parametric,"c(0.75,1)",asOF,FALSE,TRUE,1,1,pvalue,best,2,TRUE,Selection,20000,2000,2300,TRUE,FALSE,TRUE,FALSE
91,"Sel Best=2, Param, SS=1k, all props=0.4, SSR=Sel, lk1=0.75, no CC",CER,1000,0.025,NA,NA,UnPooled,CombinationTest,3,1,list('EP1' = 'Binary'),NA,NA,"list('EP1' = c(0.4, 0.4, 0.4))","c(1,1,1)",matrix(1),"c(rep(1/2,2))","rbind(H1=c(0,1), H2=c(1,0))",Parametric,"c(0.75,1)",asOF,FALSE,TRUE,1,1,pvalue,best,2,TRUE,Selection,20000,2000,2300,TRUE,FALSE,TRUE,FALSE
92,"Fut=0.5, Param, SS=3k, all props=0.4, SSR=None, lk1=0.75, no CC",CER,3000,0.025,NA,NA,UnPooled,CombinationTest,3,1,list('EP1' = 'Binary'),NA,NA,"list('EP1' = c(0.4, 0.4, 0.4))","c(1,1,1)",matrix(1),"c(rep(1/2,2))","rbind(H1=c(0,1), H2=c(1,0))",Parametric,"c(0.75,1)",asOF,FALSE,TRUE,1,1,pvalue,threshold,0.5,FALSE,None,20000,2000,2402,TRUE,FALSE,TRUE,FALSE
93,"Fut=0.5, Param, SS=10k, all props=0.4, SSR=None, lk1=0.75, CC",CER,10000,0.025,NA,NA,UnPooled,CombinationTest,3,1,list('EP1' = 'Binary'),NA,NA,"list('EP1' = c(0.4, 0.4, 0.4))","c(1,1,1)",matrix(1),"c(rep(1/2,2))","rbind(H1=c(0,1), H2=c(1,0))",Parametric,"c(0.75,1)",asOF,FALSE,TRUE,1,1,pvalue,threshold,0.5,FALSE,None,20000,2000,2402,TRUE,FALSE,TRUE,TRUE
94,"No sel, Param, SS=1k, all props=0.4, lk1=0.75, CC",CER,1000,0.025,NA,NA,UnPooled,CombinationTest,3,1,list('EP1' = 'Binary'),NA,NA,"list('EP1' = c(0.4, 0.4, 0.4))","c(1,1,1)",matrix(1),"c(rep(1/2,2))","rbind(H1=c(0,1), H2=c(1,0))",Parametric,"c(0.75,1)",asOF,FALSE,FALSE,NA,NA,NA,NA,NA,NA,None,20000,2000,64564,TRUE,FALSE,TRUE,TRUE
95,"No sel, Param, SS=3k, all props=0.4, lk1=0.75, CC",CER,3000,0.025,NA,NA,UnPooled,CombinationTest,3,1,list('EP1' = 'Binary'),NA,NA,"list('EP1' = c(0.4, 0.4, 0.4))","c(1,1,1)",matrix(1),"c(rep(1/2,2))","rbind(H1=c(0,1), H2=c(1,0))",Parametric,"c(0.75,1)",asOF,FALSE,FALSE,NA,NA,NA,NA,NA,NA,None,20000,2000,64564,TRUE,FALSE,TRUE,TRUE
96,"Sel Best=2, Param, SS=10k, all props=0.4, SSR=Sel, lk1=0.75, CC",CER,10000,0.025,NA,NA,UnPooled,CombinationTest,3,1,list('EP1' = 'Binary'),NA,NA,"list('EP1' = c(0.4, 0.4, 0.4))","c(1,1,1)",matrix(1),"c(rep(1/2,2))","rbind(H1=c(0,1), H2=c(1,0))",Parametric,"c(0.75,1)",asOF,FALSE,TRUE,1,1,pvalue,best,2,TRUE,Selection,20000,2000,2300,TRUE,FALSE,TRUE,TRUE
97,"Sel Best=2, Param, SS=1k, all props=0.4, SSR=Sel, lk1=0.75, CC",CER,1000,0.025,NA,NA,UnPooled,CombinationTest,3,1,list('EP1' = 'Binary'),NA,NA,"list('EP1' = c(0.4, 0.4, 0.4))","c(1,1,1)",matrix(1),"c(rep(1/2,2))","rbind(H1=c(0,1), H2=c(1,0))",Parametric,"c(0.75,1)",asOF,FALSE,TRUE,1,1,pvalue,best,2,TRUE,Selection,20000,2000,2300,TRUE,FALSE,TRUE,TRUE
98,"Fut=0.5, Param, SS=3k, all props=0.4, SSR=None, lk1=0.75, CC",CER,3000,0.025,NA,NA,UnPooled,CombinationTest,3,1,list('EP1' = 'Binary'),NA,NA,"list('EP1' = c(0.4, 0.4, 0.4))","c(1,1,1)",matrix(1),"c(rep(1/2,2))","rbind(H1=c(0,1), H2=c(1,0))",Parametric,"c(0.75,1)",asOF,FALSE,TRUE,1,1,pvalue,threshold,0.5,FALSE,None,20000,2000,2402,TRUE,FALSE,TRUE,TRUE
99,"Sel Best=1, Param, SS=600, all props=0.4, SSR=Sel, lk1=0.5, CC",CER,600,0.025,NA,NA,UnPooled,CombinationTest,3,1,list('EP1' = 'Binary'),NA,NA,"list('EP1' = c(0.4, 0.4, 0.4))","c(1,1,1)",matrix(1),"c(rep(1/2,2))","rbind(H1=c(0,1), H2=c(1,0))",Parametric,"c(0.5,1)",asOF,FALSE,TRUE,1,1,pvalue,best,1,TRUE,Selection,10000,1000,59079,TRUE,FALSE,TRUE,TRUE
100,"Sel Best=1, Param, SS=1000, all props=0.4, SSR=None, lk1=0.5, CC, FWCtr=None",CER,1000,0.025,NA,NA,UnPooled,None,3,1,list('EP1' = 'Binary'),NA,NA,"list('EP1' = c(0.4, 0.4, 0.4))","c(1,1,1)",matrix(1),"c(rep(1/2,2))","rbind(H1=c(0,1), H2=c(1,0))",Parametric,"c(0.5,1)",asOF,FALSE,TRUE,1,1,delta,best,1,FALSE,None,10000,1000,70743,TRUE,FALSE,TRUE,TRUE
101,"Sel Best=1, Param, SS=3000, all props=0.4, SSR=Sel, lk1=0.5, CC",CER,3000,0.025,NA,NA,UnPooled,CombinationTest,3,1,list('EP1' = 'Binary'),NA,NA,"list('EP1' = c(0.4, 0.4, 0.4))","c(1,1,1)",matrix(1),"c(rep(1/2,2))","rbind(H1=c(0,1), H2=c(1,0))",Parametric,"c(0.5,1)",asOF,FALSE,TRUE,1,1,pvalue,best,1,TRUE,Selection,10000,1000,59079,TRUE,FALSE,TRUE,TRUE
102,"Sel Best=1, Param, SS=5000, all props=0.4, SSR=None, lk1=0.5, CC, FWCtr=None",CER,5000,0.025,NA,NA,UnPooled,None,3,1,list('EP1' = 'Binary'),NA,NA,"list('EP1' = c(0.4, 0.4, 0.4))","c(1,1,1)",matrix(1),"c(rep(1/2,2))","rbind(H1=c(0,1), H2=c(1,0))",Parametric,"c(0.5,1)",asOF,FALSE,TRUE,1,1,delta,best,1,FALSE,None,10000,1000,70743,TRUE,FALSE,TRUE,TRUE
103,"Sel Best=1, Param, SS=600, all props=0.4, SSR=Sel, lk1=0.75, CC",CER,600,0.025,NA,NA,UnPooled,CombinationTest,3,1,list('EP1' = 'Binary'),NA,NA,"list('EP1' = c(0.4, 0.4, 0.4))","c(1,1,1)",matrix(1),"c(rep(1/2,2))","rbind(H1=c(0,1), H2=c(1,0))",Parametric,"c(0.75,1)",asOF,FALSE,TRUE,1,1,pvalue,best,1,TRUE,Selection,10000,1000,59079,TRUE,FALSE,TRUE,TRUE
104,"Sel Best=1, Param, SS=1000, all props=0.4, SSR=None, lk1=0.75, CC, FWCtr=None",CER,1000,0.025,NA,NA,UnPooled,None,3,1,list('EP1' = 'Binary'),NA,NA,"list('EP1' = c(0.4, 0.4, 0.4))","c(1,1,1)",matrix(1),"c(rep(1/2,2))","rbind(H1=c(0,1), H2=c(1,0))",Parametric,"c(0.75,1)",asOF,FALSE,TRUE,1,1,delta,best,1,FALSE,None,10000,1000,70743,TRUE,FALSE,TRUE,TRUE
105,"Sel Best=1, Param, SS=3000, all props=0.4, SSR=Sel, lk1=0.75, CC",CER,3000,0.025,NA,NA,UnPooled,CombinationTest,3,1,list('EP1' = 'Binary'),NA,NA,"list('EP1' = c(0.4, 0.4, 0.4))","c(1,1,1)",matrix(1),"c(rep(1/2,2))","rbind(H1=c(0,1), H2=c(1,0))",Parametric,"c(0.75,1)",asOF,FALSE,TRUE,1,1,pvalue,best,1,TRUE,Selection,10000,1000,59079,TRUE,FALSE,TRUE,TRUE
106,"Sel Best=1, Param, SS=5000, all props=0.4, SSR=None, lk1=0.75, CC, FWCtr=None",CER,5000,0.025,NA,NA,UnPooled,None,3,1,list('EP1' = 'Binary'),NA,NA,"list('EP1' = c(0.4, 0.4, 0.4))","c(1,1,1)",matrix(1),"c(rep(1/2,2))","rbind(H1=c(0,1), H2=c(1,0))",Parametric,"c(0.75,1)",asOF,FALSE,TRUE,1,1,delta,best,1,FALSE,None,10000,1000,70743,TRUE,FALSE,TRUE,TRUE
107,"Fut=0.75, CC, Param, SS=10k, all props=0.4, SSR=Sel, lk1=0.5, CC",CER,5000,0.025,NA,NA,UnPooled,CombinationTest,3,1,list('EP1' = 'Binary'),NA,NA,"list('EP1' = c(0.4, 0.4, 0.4))","c(1,1,1)",matrix(1),"c(rep(1/2,2))","rbind(H1=c(0,1), H2=c(1,0))",Parametric,"c(0.75,1)",asOF,FALSE,TRUE,1,1,pvalue,threshold,0.75,TRUE,Selection,20000,2000,343,TRUE,FALSE,TRUE,TRUE
108,"Fut=0.75, CC, Param, SS=1k, all props=0.4, SSR=Sel, lk1=0.5, CC",CER,1000,0.025,NA,NA,UnPooled,CombinationTest,3,1,list('EP1' = 'Binary'),NA,NA,"list('EP1' = c(0.4, 0.4, 0.4))","c(1,1,1)",matrix(1),"c(rep(1/2,2))","rbind(H1=c(0,1), H2=c(1,0))",Parametric,"c(0.75,1)",asOF,FALSE,TRUE,1,1,pvalue,threshold,0.75,TRUE,Selection,20000,2000,343,TRUE,FALSE,TRUE,TRUE
109,"Fut=0.75, CC, Param, SS=3k, all props=0.4, SSR=Sel, lk1=0.5, CC",CER,3000,0.025,NA,NA,UnPooled,CombinationTest,3,1,list('EP1' = 'Binary'),NA,NA,"list('EP1' = c(0.4, 0.4, 0.4))","c(1,1,1)",matrix(1),"c(rep(1/2,2))","rbind(H1=c(0,1), H2=c(1,0))",Parametric,"c(0.75,1)",asOF,FALSE,TRUE,1,1,pvalue,threshold,0.75,TRUE,Selection,20000,2000,343,TRUE,FALSE,TRUE,TRUE
110,"Fut=0.25, Param, SS=400, all props=0.4, SSR=Sel, lk1=0.75, CC",CER,400,0.025,NA,NA,UnPooled,CombinationTest,3,1,list('EP1' = 'Binary'),NA,NA,"list('EP1' = c(0.4, 0.4, 0.4))","c(1,1,1)",matrix(1),"c(rep(1/2,2))","rbind(H1=c(0,1), H2=c(1,0))",Parametric,"c(0.75,1)",asOF,FALSE,TRUE,1,1,pvalue,threshold,0.25,TRUE,Selection,10000,1000,4346,TRUE,FALSE,TRUE,TRUE
111,"Fut=0.25, Param, SS=1000, all props=0.4, SSR=Sel, lk1=0.75, CC",CER,1000,0.025,NA,NA,UnPooled,CombinationTest,3,1,list('EP1' = 'Binary'),NA,NA,"list('EP1' = c(0.4, 0.4, 0.4))","c(1,1,1)",matrix(1),"c(rep(1/2,2))","rbind(H1=c(0,1), H2=c(1,0))",Parametric,"c(0.75,1)",asOF,FALSE,TRUE,1,1,pvalue,threshold,0.25,TRUE,Selection,10000,1000,4346,TRUE,FALSE,TRUE,TRUE
112,"Fut=0.25, Param, SS=3000, all props=0.4, SSR=Sel, lk1=0.75, CC",CER,3000,0.025,NA,NA,UnPooled,CombinationTest,3,1,list('EP1' = 'Binary'),NA,NA,"list('EP1' = c(0.4, 0.4, 0.4))","c(1,1,1)",matrix(1),"c(rep(1/2,2))","rbind(H1=c(0,1), H2=c(1,0))",Parametric,"c(0.75,1)",asOF,FALSE,TRUE,1,1,pvalue,threshold,0.25,TRUE,Selection,10000,1000,4346,TRUE,FALSE,TRUE,TRUE
113,"Fut=0.25, Param, SS=5000, all props=0.4, SSR=Sel, lk1=0.75, CC",CER,5000,0.025,NA,NA,UnPooled,CombinationTest,3,1,list('EP1' = 'Binary'),NA,NA,"list('EP1' = c(0.4, 0.4, 0.4))","c(1,1,1)",matrix(1),"c(rep(1/2,2))","rbind(H1=c(0,1), H2=c(1,0))",Parametric,"c(0.75,1)",asOF,FALSE,TRUE,1,1,pvalue,threshold,0.25,TRUE,Selection,10000,1000,4346,TRUE,FALSE,TRUE,TRUE
